セブンイレブン 名古屋椿町店,愛知県名古屋市中村区椿町１４－２３
セブンイレブン品川駅前店新川屋,東京都港区高輪３丁目２５－２０
セブンイレブン 京都駅八条口店,京都府京都市下京区東塩小路釜殿町３１－１
セブンイレブン浦安舞浜店,千葉県浦安市舞浜２丁目４６－１
セブンイレブングランフロント大阪店,大阪府大阪市北区大深町３－１
セブンイレブン箱根湯本駅前店,神奈川県足柄下郡箱根町湯本６９３－１
セブンイレブン 福岡天神２丁目店,福岡県福岡市中央区天神２丁目４－１９
セブンイレブン 大阪芝田２丁目店,大阪府大阪市北区芝田２丁目２－１３
セブンイレブン 秋田東通仲町店,秋田県秋田市東通仲町３－２５
セブンイレブン 新横浜駅南口店,神奈川県横浜市港北区篠原町２９７１－１
セブンイレブン箱根宮城野店,神奈川県足柄下郡箱根町宮城野６１９－２
セブンイレブン 札幌ステラプレイス店,北海道札幌市中央区北５条西２丁目
セブンイレブン 鬼怒川立岩店,栃木県日光市鬼怒川温泉大原１４２２－１
セブンイレブン 神戸三ノ宮店,兵庫県神戸市中央区北長狭通１丁目３－６
セブンイレブン 北区東十条駅前店,東京都北区中十条２丁目９－１５
セブンイレブン アオーレ長岡店,新潟県長岡市大手通１丁目４－１０
セブンイレブン 仙台駅東口店,宮城県仙台市宮城野区榴岡１丁目２－３７ダイワロイネットホテル仙台
セブンイレブン 津市西丸之内店,三重県津市西丸之内１０－３
セブンイレブン函館若松町店,北海道函館市若松町７－１５
セブンイレブン 新潟駅ＣｏＣｏＬｏ西館店,新潟県新潟市中央区花園１丁目９６－４７
セブンイレブン福岡天神３丁目店,福岡県福岡市中央区天神３丁目１６－１９－１Ｆ
セブンイレブン 茨木西駅前町店,大阪府茨木市西駅前町５－３２
セブンイレブン 大阪阿倍野筋４丁目店,大阪府大阪市阿倍野区阿倍野筋４丁目１８－１５
セブンイレブン中央区京橋１丁目店,東京都中央区京橋１丁目３－３
セブンイレブン 大阪宮原１丁目店,大阪府大阪市淀川区宮原１丁目１－３
セブンイレブン 大阪角田町店,大阪府大阪市北区角田町１－１
セブンイレブン 渋谷駅西店,東京都渋谷区道玄坂１丁目３－１１
セブンイレブン 江ノ電鎌倉駅サテライト店,神奈川県鎌倉市御成町１－１２
セブンイレブン 茅ケ崎幸町店,神奈川県茅ヶ崎市幸町１６－１２
セブンイレブン 姫路東駅前町店,兵庫県姫路市東駅前町３１
セブンイレブン 倉敷駅前店,岡山県倉敷市阿知２丁目８－１
セブンイレブン 福島富岡上郡山店,福島県双葉郡富岡町大字上郡山字関名古３３４
セブンイレブン 奈良三碓２丁目店,奈良県奈良市三碓２丁目２５５－１
セブンイレブン 会津白虎町店,福島県会津若松市白虎町２１３－３
セブンイレブン 横浜桜木町駅前店,神奈川県横浜市中区花咲町２丁目６４
セブンイレブン 津市上浜町３丁目店,三重県津市上浜町３丁目６１－４
セブンイレブン 生駒元町１丁目店,奈良県生駒市元町１丁目４４１－３
セブンイレブン秋田中通６丁目店,秋田県秋田市中通６丁目８－５
セブンイレブン 浜松駅南店,静岡県浜松市中区砂山町３２２－７
セブンイレブンつくば吾妻３丁目店,茨城県つくば市吾妻３丁目１６－９
セブンイレブン 宝塚南口２丁目店,兵庫県宝塚市南口２丁目５－４１
セブンイレブンエル京橋店,大阪府大阪市都島区東野田町３丁目５－６
セブンイレブン神戸フラワーロード店,兵庫県神戸市中央区加納町４丁目１０－２
セブンイレブン立川北駅店,東京都立川市曙町２丁目４－１
セブンイレブン 神戸相生１丁目店,兵庫県神戸市中央区相生町１丁目３－３
セブンイレブン鎌倉小袋谷店,神奈川県鎌倉市大船３丁目３－５
セブンイレブン八重洲地下街南店,東京都中央区八重洲２丁目１
セブンイレブン伊東 駅前店,静岡県伊東市湯川１丁目８－１１
セブンイレブン 静岡駅南口店,静岡県静岡市駿河区南町１３－２１
セブンイレブン 彦根駅前店,滋賀県彦根市大東町１－１
セブンイレブン 横浜市ケ尾店,神奈川県横浜市青葉区市ケ尾町４０９
セブンイレブン 宝塚湯本町店,兵庫県宝塚市湯本町４－３４
セブンイレブン ダイバーシティ東京プラザ店,東京都江東区青海１－１－１０ ダイバーシティ東京 プラザ １Ｆ
セブンイレブン福岡市地下鉄博多駅店,福岡県福岡市博多区博多駅中央街１－１－Ｂ１Ｆ
セブンイレブン札幌北６条西１丁目店,北海道札幌市北区北６条西１丁目３－８
セブンイレブン 大阪桜島３丁目店,大阪府大阪市此花区桜島３丁目３－２３
セブンイレブン 大阪天王寺駅北店,大阪府大阪市天王寺区悲田院町７－３
セブンイレブン 姫路南町店,兵庫県姫路市南町６５
セブンイレブン銀座地下街店,東京都中央区銀座５丁目４－３
セブンイレブン 大津駅前店,滋賀県大津市春日町２－１
セブンイレブン箱根湯本店,神奈川県足柄下郡箱根町湯本３２１
セブンイレブン新丸ビル店,東京都千代田区丸の内１丁目５－１
セブンイレブン 千里中央駅北店,大阪府豊中市新千里東町１丁目２－３６
セブンイレブン 高槻芥川１丁目店,大阪府高槻市芥川町１丁目７－７
セブンイレブン 宇都宮駅前店,栃木県宇都宮市駅前通り１丁目５－１３
セブンイレブン大分駅前店,大分県大分市末広町１丁目１－２０
セブンイレブン 川越脇田本町店,埼玉県川越市脇田本町２－５
セブンイレブン堺東駅前店,大阪府堺市堺区三国ヶ丘御幸通１８－１
セブンイレブン 新潟弁天１丁目店,新潟県新潟市中央区弁天１丁目２－４
セブンイレブン甲府中央店,山梨県甲府市中央１丁目１２－４６
セブンイレブン町田駅東口店,東京都町田市原町田６丁目１５－１２－１Ｂ
セブンイレブン 旭川買物公園店,北海道旭川市宮下通７丁目２３９９－１明治屋ビル
セブンイレブン グランフロント大阪フロアナイン店,大阪府大阪市北区大深町３－１
セブンイレブン横浜みなとみらいパークビル店,神奈川県横浜市西区みなとみらい３丁目６－３
セブンイレブン 川崎武蔵小杉駅前店,神奈川県川崎市中原区新丸子東３丁目１２００
セブンイレブン 川西能勢口駅前店,兵庫県川西市栄町１０－５－１０３
セブンイレブン 大阪高麗橋２丁目店,大阪府大阪市中央区高麗橋２丁目５－７
セブンイレブン 奈良西大寺本町店,奈良県奈良市西大寺本町４－１
セブンイレブン 津市藤方店,三重県津市藤方１５８５－３
セブンイレブン 柏原国分市場店,大阪府柏原市国分市場２丁目１１－１２
セブンイレブン 海老名駅前店,神奈川県海老名市中央１丁目１５－１
セブンイレブン 奈良三条本町店,奈良県奈良市三条本町７－２３
セブンイレブン 茨木中穂積一丁目店,大阪府茨木市中穂積１丁目１－５
セブンイレブン 岡山駅元町店,岡山県岡山市北区駅元町３０－１２
セブンイレブン武蔵野境１丁目店,東京都武蔵野市境１丁目１５－１０
セブンイレブン浦和駅西口店,埼玉県さいたま市浦和区高砂２丁目６－９
セブンイレブン東京ドームシティミーツポート店,東京都文京区後楽１丁目３－６１
セブンイレブン 船橋本町７丁目店,千葉県船橋市本町７丁目１２－１３
セブンイレブン 伊豆高原店,静岡県伊東市八幡野１１３６－１
セブンイレブン大阪難波なんさん通店,大阪府大阪市中央区難波千日前１５－１７
セブンイレブン 長崎文教通り店,長崎県長崎市大橋町２４－４
セブンイレブン長崎五島町店,長崎県長崎市五島町１－１３
セブンイレブン 草津大路２丁目店,滋賀県草津市大路２丁目１２－１１
セブンイレブン大森駅前店,東京都大田区大森北１丁目１－４
セブンイレブン 仙台榴ヶ岡２丁目店,宮城県仙台市宮城野区榴岡２丁目５－５
セブンイレブン富士吉田警察署東店,山梨県富士吉田市松山５丁目３－１１
セブンイレブン 西宮北口駅北店,兵庫県西宮市甲風園１丁目９－３
セブンイレブン 近鉄奈良駅北口店,奈良県奈良市東向北町３０－１
セブンイレブン福山駅前店,広島県福山市三之丸町８－１１
セブンイレブン小田原東通り店,神奈川県小田原市栄町２丁目１－８真砂ビル
セブンイレブン 神戸中央中町通店,兵庫県神戸市中央区中町通２丁目３－１
セブンイレブン 三田三輪３丁目店,兵庫県三田市三輪３丁目８３７－１１
セブンイレブン八王子駅南店,東京都八王子市旭町１－１８
セブンイレブン前橋市民文化会館前店,群馬県前橋市南町３丁目４１－５
セブンイレブン大分鴛野店,大分県大分市大字鴛野１３７９－１
セブンイレブン 有楽町イトシア店,東京都千代田区有楽町２丁目７－１
セブンイレブン 市川１丁目店,千葉県市川市市川１丁目１２－９
セブンイレブン銀座１丁目店,東京都中央区銀座１丁目１８－６
セブンイレブン 枚方市駅東口店,大阪府枚方市岡東町６６５－５８
セブンイレブン 熱海咲見町店,静岡県熱海市咲見町１０－３
セブンイレブン日光インター店,栃木県日光市東和町５９－１
セブンイレブン大阪駅前第２ビル店,大阪府大阪市北区梅田１丁目２－２
セブンイレブン 柏駅南口店,千葉県柏市柏１丁目２－２７
セブンイレブン 川崎駅東口店,神奈川県川崎市川崎区駅前本町１－３
セブンイレブン 金沢袋町店,石川県金沢市袋町５－８
セブンイレブン 世田谷成城６丁目店,東京都世田谷区成城６丁目９－７
セブンイレブン 大阪狭山５丁目店,大阪府大阪狭山市狭山５丁目２２４７－１
セブンイレブン 長岡旭町店,新潟県長岡市旭町２丁目２－１
セブンイレブン ＪＲ和歌山駅東口店,和歌山県和歌山市黒田１丁目２－１
セブンイレブン博多駅前朝日ビル店,福岡県福岡市博多区博多駅前２丁目１－１
セブンイレブン海老名中央３丁目店,神奈川県海老名市中央３丁目１－３３
セブンイレブン 奈良中登美ヶ丘３丁目店,奈良県奈良市中登美ヶ丘３丁目１１
セブンイレブン 奈良押熊町店,奈良県奈良市押熊町１４４５－１
セブンイレブン 春日井町店,愛知県春日井市春日井町字土合６４－５
セブンイレブン 三田西山１丁目店,兵庫県三田市西山１丁目２－１９
セブンイレブン 府中駅北口店,東京都府中市府中町２丁目２－５
セブンイレブン 鈴鹿白子駅前店,三重県鈴鹿市白子駅前２９４８－７
セブンイレブン 東区 福岡香椎２丁目店,福岡県福岡市東区香椎２丁目３－３
セブンイレブン相模湖西店,神奈川県相模原市緑区与瀬７１４
セブンイレブン 大月御太刀１丁目店,山梨県大月市御太刀１丁目１０－１４
セブンイレブン 小倉北区 小倉魚町２丁目店,福岡県北九州市小倉北区魚町２丁目５－８－１Ｆ
セブンイレブン 渋川大崎店,群馬県渋川市大崎１６２１－１
セブンイレブン 京都伏見竹田店,京都府京都市伏見区竹田七瀬川町１２
セブンイレブン箕面５丁目店,大阪府箕面市箕面５丁目１－１１
セブンイレブン 浅草国際通り店,東京都台東区浅草１丁目４３－５
セブンイレブン赤坂２丁目店,東京都港区赤坂２丁目１３－１
セブンイレブン大津坂本３丁目店,滋賀県大津市坂本３丁目１４５１－４
セブンイレブン柏原高井田店,大阪府柏原市大字高井田７４３－１
セブンイレブン 大阪ビジネスパーク東店,大阪府大阪市中央区城見２丁目２－５３
セブンイレブン伊勢原１丁目店,神奈川県伊勢原市伊勢原１丁目１８－１７
セブンイレブン 阪急山田駅前店,大阪府吹田市山田西４丁目２－８６
セブンイレブン 鶴岡宝田１丁目店,山形県鶴岡市宝田１丁目８－５５
セブンイレブン 小諸店,長野県小諸市荒町１丁目４－８
セブンイレブン 尼崎中央店,兵庫県尼崎市昭和南通４丁目４０
セブンイレブン 三田けやき台店,兵庫県三田市けやき台３丁目７５－４
セブンイレブン高松サンポート店,香川県高松市サンポート２－１
セブンイレブン 大阪天神橋４丁目店,大阪府大阪市北区天神橋４丁目９－３
セブンイレブン大分金池町店,大分県大分市金池町４丁目３１４０－１
セブンイレブン秩父宮側町店,埼玉県秩父市宮側町１５－１６
セブンイレブン柏３丁目店,千葉県柏市柏３丁目７－２４
セブンイレブン西新宿一丁目店,東京都新宿区西新宿１丁目１１－１１
セブンイレブン 羽曳野栄町店,大阪府羽曳野市栄町１０－１
セブンイレブン伊勢原駅前店,神奈川県伊勢原市伊勢原２丁目４－２４
セブンイレブン 鶴見中央店,神奈川県横浜市鶴見区鶴見中央２丁目２－１
セブンイレブン いわき駅南口店,福島県いわき市平字田町１
セブンイレブン 安房富山高崎店,千葉県南房総市高崎１２０２－１
セブンイレブン 長野二線路通り店,長野県長野市大字南長野北石堂町１３７４－１
セブンイレブン福岡大名店,福岡県福岡市中央区大名１丁目１－８
セブンイレブン 岐阜入舟町店,岐阜県岐阜市入舟町５丁目２７－１
セブンイレブン大阪曽根崎２丁目店,大阪府大阪市北区曾根崎２丁目１５－２９
セブンイレブン尾道土堂店,広島県尾道市土堂１丁目１７－１６
セブンイレブン品川プリンスホテル店,東京都港区高輪４丁目１０－３０
セブンイレブン 奈良大宮町６丁目店,奈良県奈良市大宮町６丁目２－１８
セブンイレブン 花巻矢沢店,岩手県花巻市矢沢第４地割１２６－１
セブンイレブン大阪松崎２丁目店,大阪府大阪市阿倍野区松崎町２丁目１０－６
セブンイレブン 名古屋金山４丁目店,愛知県名古屋市中区金山４丁目２－１
セブンイレブン 津市久居新町店,三重県津市久居新町１００４－１
セブンイレブン 福知山駅南店,京都府福知山市駅南町２丁目２６７
セブンイレブンさいたま仲町２丁目店,埼玉県さいたま市浦和区仲町２丁目４－２２
セブンイレブン 金沢駅西本町３丁目店,石川県金沢市駅西本町３丁目１５－１３－２
セブンイレブン 大垣今宿３丁目店,岐阜県大垣市今宿３丁目３０－１
セブンイレブン川口駅東口店,埼玉県川口市川口１丁目１－１
セブンイレブン 伊豆白田店,静岡県賀茂郡東伊豆町白田３１８－１２
セブンイレブン こんぴら店,香川県仲多度郡琴平町６９６－１
セブンイレブン 宝塚泉町店,兵庫県宝塚市泉町１７－１３
セブンイレブン ＪＲ宇治駅前店,京都府宇治市宇治宇文字２９－２
セブンイレブン 赤坂東急プラザ店,東京都千代田区永田町２丁目１４－３
セブンイレブンハウステンボス駅前店,長崎県佐世保市南風崎町５０４－２
セブンイレブン 福島駅東口店,福島県福島市栄町７２－４
セブンイレブン 長崎岩川町店,長崎県長崎市岩川町１７－１５
セブンイレブン 大町南原店,長野県大町市大町南原町３７０６－１
セブンイレブン新山口駅前店,山口県山口市小郡下郷１２９２
セブンイレブン 桑名駅西店,三重県桑名市大字東方１３６２－１
セブンイレブン北千住駅東口店,東京都足立区千住旭町４－１３
セブンイレブン藤沢湘南台２丁目店,神奈川県藤沢市湘南台２丁目１２－６第８露木商事ビル
セブンイレブン 那須塩原駅西口店,栃木県那須塩原市方京１丁目１－１
セブンイレブン 出町柳駅前店,京都府京都市左京区田中上柳町５３－４
セブンイレブン 秦野渋沢店,神奈川県秦野市萩が丘１－７
セブンイレブン 芦屋駅北口店,兵庫県芦屋市大原町１１－２４
セブンイレブン 西宮ガーデンズ北口店,兵庫県西宮市高松町２０－１３
セブンイレブン 福井開発町店,福井県福井市開発町６－１１－１
セブンイレブン品川東大井５丁目店,東京都品川区東大井５丁目１－１２
セブンイレブン平塚八重咲町店,神奈川県平塚市八重咲町１２－８
セブンイレブン神戸三宮駅東店,兵庫県神戸市中央区琴ノ緒町２丁目３－５
セブンイレブン 中央区 福岡渡辺通５丁目店,福岡県福岡市中央区渡辺通５丁目２０－７－１Ｆ
セブンイレブン 神戸東落合店,兵庫県神戸市須磨区東落合２丁目１－１７
セブンイレブン虎ノ門５丁目店,東京都港区虎ノ門５丁目１２－１
セブンイレブン 奈良四条大路４丁目店,奈良県奈良市四条大路４丁目７７－１
セブンイレブン 上野６丁目昭和通り店,東京都台東区上野６丁目１６－１５
セブンイレブン北浦和３丁目店,埼玉県さいたま市浦和区北浦和３丁目５－１４
セブンイレブン別府田の湯町店,大分県別府市田の湯町２０３６－１
セブンイレブン 大阪狭山大野台１丁目店,大阪府大阪狭山市大野台１丁目３２－５９
セブンイレブン 大阪紅梅町店,大阪府大阪市北区紅梅町１－７
セブンイレブン 富士宮中央町店,静岡県富士宮市中央町８－１３
セブンイレブン 京都河原町姉小路店,京都府京都市中京区河原町通三条上る下丸屋町４１０－３
セブンイレブン 伊丹３丁目店,兵庫県伊丹市伊丹３丁目５５５－１
セブンイレブン 刈谷相生町店,愛知県刈谷市相生町２丁目３５－１
セブンイレブン 津市大里窪田町店,三重県津市大里窪田町一之坪３１９４
セブンイレブン 岐阜加納城南通店,岐阜県岐阜市加納城南通２丁目４－１
セブンイレブン 岐阜敷島町３丁目店,岐阜県岐阜市敷島町３丁目１５
セブンイレブン秋田広面店,秋田県秋田市広面字谷地沖１７－２
セブンイレブン 高槻高槻町店,大阪府高槻市高槻町１２－２３
セブンイレブン厚木中町４丁目店,神奈川県厚木市中町４丁目５－１１平本ビル
セブンイレブン府中市府中町１丁目店,東京都府中市府中町１丁目１１－８
セブンイレブン木津川原田店,京都府木津川市木津川原田２９－１
セブンイレブン 安曇野穂高店,長野県安曇野市穂高２６３５
セブンイレブン クルン高岡店,富山県高岡市下関町６－１
セブンイレブン水戸駅南口店,茨城県水戸市城南２丁目１－２０
セブンイレブン 池田市城南１丁目店,大阪府池田市城南１丁目９－２０
セブンイレブン 津市久居明神町店,三重県津市久居明神町風早２１８８－３
セブンイレブン 宝塚小林３丁目店,兵庫県宝塚市小林３丁目９－３３
セブンイレブン多摩永山店,東京都多摩市永山１丁目２－１３
セブンイレブン 仙台中央４丁目店,宮城県仙台市青葉区中央４丁目８－１
セブンイレブン 福井大手３丁目店,福井県福井市大手３丁目１２０１－１
セブンイレブン 藤沢駅前店,神奈川県藤沢市藤沢１０８
セブンイレブン 高尾北口店,東京都八王子市高尾町１５８５－１
セブンイレブン石岡貝地店,茨城県石岡市貝地２丁目２０２０－１
セブンイレブン 広島大手町１丁目店,広島県広島市中区大手町１丁目１－２１
セブンイレブン大和駅前店,神奈川県大和市中央１丁目１－２５
セブンイレブン 目黒駅東口店,東京都品川区上大崎３丁目３－１
セブンイレブン 富山赤田店,富山県富山市赤田９４１－１
セブンイレブン 嵯峨野店,京都府京都市右京区嵯峨野秋街道町２５
セブンイレブン 高松寿町２丁目店,香川県高松市寿町２丁目１－１
セブンイレブンさいたま大門町１丁目店,埼玉県さいたま市大宮区大門町１丁目３
セブンイレブン伊東 八幡野店,静岡県伊東市八幡野１１８７－１
セブンイレブン 大阪新サンケイビル店,大阪府大阪市北区梅田２丁目５－２
セブンイレブン 岩国昭和町店,山口県岩国市昭和町１丁目１１－１６
セブンイレブン静岡 東新田２丁目店,静岡県静岡市駿河区東新田２丁目１５－２３
セブンイレブン アリコベール上尾店,埼玉県上尾市宮本町２－１－１０４
セブンイレブン 三田本町駅前店,兵庫県三田市相生町１１－１２
セブンイレブン 高槻芥川町店,大阪府高槻市芥川町２丁目１３－３３
セブンイレブン志木本町５丁目店,埼玉県志木市本町５丁目１２－１１
セブンイレブン 横浜梅が丘店,神奈川県横浜市青葉区梅が丘７－１６
セブンイレブン 津市一身田中野店,三重県津市一身田中野１８２－１
セブンイレブン 堺若松台１丁店,大阪府堺市南区若松台１丁２－１
セブンイレブン 塩尻大門店,長野県塩尻市大門一番町１３－２
セブンイレブン 大阪難波中２丁目店,大阪府大阪市浪速区難波中２丁目４－９
セブンイレブン厚木中町店,神奈川県厚木市中町２丁目１３－１２ソレイユ三和
セブンイレブン 豊中北桜塚４丁目店,大阪府豊中市北桜塚４丁目１７－１９
セブンイレブン 上田城大手門店,長野県上田市中央２丁目３－２
セブンイレブン 厚別区 新札幌バスターミナル前店,北海道札幌市厚別区厚別中央二条５丁目３
セブンイレブン長岡京セブン通り店,京都府長岡京市長岡１丁目３－９
セブンイレブン焼津 駅北店,静岡県焼津市駅北４丁目１－１
セブンイレブン秋田山王６丁目店,秋田県秋田市山王６丁目２－１４
セブンイレブン 吹田山田東４丁目店,大阪府吹田市山田東４丁目１２－２２
セブンイレブン 堺光明池駅東店,大阪府堺市南区鴨谷台２丁２－５
セブンイレブン 大阪淡路町４丁目店,大阪府大阪市中央区淡路町４丁目４－１１
セブンイレブン 宝塚宮の町店,兵庫県宝塚市宮の町１０－３
セブンイレブン 松戸駅東口店,千葉県松戸市小根本２０－２１
セブンイレブン下目黒１丁目店,東京都目黒区下目黒１丁目３－１
セブンイレブン千葉駅西口店,千葉県千葉市中央区新千葉２丁目６－１５
セブンイレブン 横浜青葉台１丁目店,神奈川県横浜市青葉区青葉台１丁目６－１６ グリーンハウスビル
セブンイレブン 岐阜長良福光店,岐阜県岐阜市長良福光１５８９－２
セブンイレブン文京本郷１丁目店,東京都文京区本郷１丁目２２－６
セブンイレブンＴＯＣ有明店,東京都江東区有明３丁目５－７
セブンイレブン 鶴岡大宝寺町店,山形県鶴岡市大宝寺町３－１５
セブンイレブン 西宮甲子園７番町店,兵庫県西宮市甲子園七番町１３－１２
セブンイレブン大分大道町店,大分県大分市大道町３丁目２３００－１
セブンイレブン太田市東今泉町店,群馬県太田市東今泉町１５
セブンイレブン 京都白川北大路店,京都府京都市左京区一乗寺木ノ本町４４
セブンイレブン鹿児島西田２丁目店,鹿児島県鹿児島市西田２丁目１２－２０
セブンイレブン 練馬東大泉６丁目店,東京都練馬区東大泉６丁目３４－３０
セブンイレブン立川駅南口店,東京都立川市柴崎町３丁目６－８
セブンイレブン 岡山桃太郎大通り店,岡山県岡山市北区野田屋町１丁目１－１５
セブンイレブン銀座７丁目店,東京都中央区銀座７丁目２－２２
セブンイレブン 立川曙町店,東京都立川市曙町２丁目３４－７
セブンイレブン 草津野村１丁目店,滋賀県草津市野村１丁目２－５
セブンイレブン福岡千早東駅前店,福岡県福岡市東区水谷２丁目５１－１０
セブンイレブン博多駅前通店,福岡県福岡市博多区博多駅前３丁目２６－１
セブンイレブン 東大阪小阪３丁目店,大阪府東大阪市小阪３丁目１－２８
セブンイレブン 柏原上市４丁目店,大阪府柏原市上市４丁目３－１２
セブンイレブン 小平一橋学園東店,東京都小平市学園東町２丁目５－１
セブンイレブン 小倉北区 小倉米町店,福岡県北九州市小倉北区米町１丁目３－１－１Ｆ
セブンイレブン浦和常盤１０丁目店,埼玉県さいたま市浦和区常盤１０丁目１２－１７
セブンイレブン 大阪内本町２丁目店,大阪府大阪市中央区内本町２丁目３－１７
セブンイレブン広野町店,福島県双葉郡広野町大字下北迫字腰巻１４－１
セブンイレブン 横浜西神奈川１丁目店,神奈川県横浜市神奈川区西神奈川１丁目１０－１４
セブンイレブン浜松板屋町店,静岡県浜松市中区板屋町２
セブンイレブン浜松駅西店,静岡県浜松市中区海老塚町５０－１
セブンイレブン 川西久代１丁目店,兵庫県川西市久代１丁目２２－１
セブンイレブン広島宮島口店,広島県廿日市市宮島口１丁目１２－３
セブンイレブン 大阪東心斎橋１丁目店,大阪府大阪市中央区東心斎橋１丁目１２－１７
セブンイレブン 大阪谷町３丁目店,大阪府大阪市中央区谷町３丁目１－１７
セブンイレブン銀座３丁目店,東京都中央区銀座３丁目１５－１０
セブンイレブン 博多区 博多駅東,福岡県福岡市博多区博多駅東１丁目１－３３－１Ｆ
セブンイレブン 八尾山本町１丁目店,大阪府八尾市山本町１丁目２－７
セブンイレブン 飯田高羽町店,長野県飯田市高羽町２丁目５－１０
セブンイレブン吉祥寺本町１丁目店,東京都武蔵野市吉祥寺本町１丁目３２－９
セブンイレブン 大阪西天満１丁目店,大阪府大阪市北区西天満１丁目２－５
セブンイレブン 大分金池町２丁目店,大分県大分市金池町２丁目１－２８
セブンイレブン 大垣中川町４丁目店,岐阜県大垣市中川町４丁目４０－１
セブンイレブン 宇都宮池上店,栃木県宇都宮市泉町１－２０
セブンイレブン清水 江尻東一丁目店,静岡県静岡市清水区江尻東１丁目３－２
セブンイレブン千葉海浜幕張駅前店,千葉県千葉市美浜区ひび野１丁目９
セブンイレブン 美濃加茂山手町店,岐阜県美濃加茂市山手町１丁目１１１
セブンイレブン 御殿場駅前店,静岡県御殿場市新橋１８５９－１
セブンイレブン 大阪南港中８丁目店,大阪府大阪市住之江区南港中８丁目１－６
セブンイレブン 郡山駅前店,福島県郡山市駅前２丁目１１－１
セブンイレブン町田駅西店,東京都町田市森野１丁目１－２１
セブンイレブン 砺波表町店,富山県砺波市表町２－１８
セブンイレブン 神戸布引町２丁目店,兵庫県神戸市中央区布引町２丁目３－５
セブンイレブン川崎駅前本町店,神奈川県川崎市川崎区駅前本町８－１７ダイス
セブンイレブン広島八丁堀店,広島県広島市中区八丁堀７－２
セブンイレブン広島松原町店,広島県広島市南区松原町１０－２５
セブンイレブン明石大明石町店,兵庫県明石市大明石町１丁目３－１６
セブンイレブン 中津駅北店,大分県中津市大字島田７７４－１
セブンイレブン 丸の内郵船ビル店,東京都千代田区丸の内２丁目３－２
セブンイレブン 佐倉大崎台店,千葉県佐倉市大崎台１丁目２－７
セブンイレブン 茅ケ崎円蔵店,神奈川県茅ヶ崎市円蔵２０９４－１
セブンイレブン 松本駅前店,長野県松本市中央１丁目４－８
セブンイレブン滝川栄町１丁目店,北海道滝川市栄町１丁目５－４
セブンイレブン高崎駅東口店,群馬県高崎市栄町１６－１１
セブンイレブン日比谷駅前店,東京都千代田区有楽町１丁目６－３
セブンイレブン コスモスクエア駅前店,大阪府大阪市住之江区南港北１丁目３１－１７
セブンイレブン岐阜薮田東２丁目店,岐阜県岐阜市薮田東２丁目１－４
セブンイレブン 福知山駅前町店,京都府福知山市末広町２丁目１
セブンイレブン 茅ケ崎十間坂店,神奈川県茅ヶ崎市十間坂２丁目２－２５
セブンイレブン 西宮上大市５丁目店,兵庫県西宮市上大市５丁目２４－６７
セブンイレブン 金沢片町１丁目店,石川県金沢市片町１丁目４－１６
セブンイレブン三次郵便局前店,広島県三次市十日市南１丁目１２２１－１
セブンイレブン 勝田東石川店,茨城県ひたちなか市外野１丁目３４－２８
セブンイレブン 狭山店,埼玉県狭山市富士見１丁目２８－２１
セブンイレブン新横浜スクエアビルサテライト店,神奈川県横浜市港北区新横浜２丁目３－１２新横浜スクエアビル
セブンイレブン 明日香御園店,奈良県高市郡明日香村大字御園６９－１
セブンイレブン 西宮六湛寺町店,兵庫県西宮市六湛寺町２－１
セブンイレブン長崎宝栄町店,長崎県長崎市宝栄町１３－１５
セブンイレブン佐賀駅前中央２丁目店,佐賀県佐賀市駅前中央２丁目２６３１
セブンイレブン 大谷大学店,京都府京都市北区小山上総町２０
セブンイレブン 大阪久太郎町１丁目店,大阪府大阪市中央区久太郎町１丁目６－２９
セブンイレブン 大阪鶴見６丁目店,大阪府大阪市鶴見区鶴見６丁目９－２８
セブンイレブン 金沢中央郵便局前店,石川県金沢市三社町３－２１
セブンイレブン 烏丸御池店,京都府京都市中京区烏丸通御池下る虎屋町５６６－１
セブンイレブン ちの運動公園店,長野県茅野市仲町４０５４－１
セブンイレブン 七尾和倉温泉店,石川県七尾市石崎町香島１丁目２３－１
セブンイレブン 原町牛来店,福島県南相馬市原町区牛来字西谷地１－１
セブンイレブン 台東東上野４丁目店,東京都台東区東上野４丁目８－１
セブンイレブン 名古屋名駅４丁目店,愛知県名古屋市中村区名駅４丁目２４－８
セブンイレブン足立千住２丁目店,東京都足立区千住２丁目６２山下ビル
セブンイレブン静岡 葵タワー店,静岡県静岡市葵区紺屋町１７－１
セブンイレブン大分下郡東店,大分県大分市下郡東１丁目１５８－１
セブンイレブン日本橋２丁目店,東京都中央区日本橋２丁目３－２１
セブンイレブン松戸駅前店,千葉県松戸市本町１８－８吉場ビル
セブンイレブン 吹田千里山西５丁目店,大阪府吹田市千里山西５丁目３－４
セブンイレブン 所沢緑町４丁目店,埼玉県所沢市緑町４丁目５－１８
セブンイレブン 富山城址公園前店,富山県富山市総曲輪２丁目１－１
セブンイレブン 伊那狐島店,長野県伊那市狐島４２５４－２
セブンイレブン 秦野尾尻店,神奈川県秦野市尾尻９４０－５－１０５
セブンイレブン丸の内センタービル店,東京都千代田区丸の内１丁目６－１
セブンイレブン小金井本町５丁目店,東京都小金井市本町５丁目２１－１５
セブンイレブン大東新町店,大阪府大東市新町８２１－１４
セブンイレブン 大宮駅東店,埼玉県さいたま市大宮区仲町２丁目２２
セブンイレブン 大阪狭山草沢店,大阪府大阪狭山市茱萸木７丁目２１０５－１
セブンイレブン 大阪谷町６丁目店,大阪府大阪市中央区谷町６丁目４－１
セブンイレブン 大阪ＯＣＡＴ前店,大阪府大阪市浪速区桜川１丁目１－３
セブンイレブン柏原大県４丁目店,大阪府柏原市大県４丁目１７
セブンイレブン横浜鶴見中央３丁目店,神奈川県横浜市鶴見区鶴見中央３丁目１０－３７ＣＯＭＯＤＯ鶴見中央
セブンイレブン浜田黒川町店,島根県浜田市黒川町１２０－３
セブンイレブン福岡大名１丁目店,福岡県福岡市中央区大名１丁目２－２０－１Ｆ
セブンイレブン福岡西新中央店,福岡県福岡市早良区西新５丁目２－８
セブンイレブン 鎌倉観音前店,神奈川県鎌倉市長谷２丁目１０－４１
セブンイレブン 阪神御影駅東店,兵庫県神戸市東灘区御影本町２丁目８０３
セブンイレブン富山牛島新町店,富山県富山市牛島新町１－１３
セブンイレブン つくば北大通り店,茨城県つくば市春日２丁目２５－４
セブンイレブン武蔵野境５丁目店,東京都武蔵野市境５丁目１－１７
セブンイレブン千葉蘇我駅前店,千葉県千葉市中央区南町２丁目１６－１
セブンイレブン 横浜青葉台駅前店,神奈川県横浜市青葉区青葉台２丁目１０－２０
セブンイレブン 橿原新賀町店,奈良県橿原市新賀町１９０－３
セブンイレブン 水沢太日通り店,岩手県奥州市水沢区太日通り３丁目２－２７
セブンイレブン 熊本神水１丁目店,熊本県熊本市神水１丁目３８－３
セブンイレブン大田区西蒲田８丁目店,東京都大田区西蒲田８丁目１－７
セブンイレブン奈良あやめ池南６丁目店,奈良県奈良市あやめ池南６丁目８１５－１
セブンイレブン 大阪瓦屋町３丁目店,大阪府大阪市中央区瓦屋町３丁目８－６
セブンイレブン 福井文京３丁目店,福井県福井市文京３丁目９３７
セブンイレブン 茨城石下店,茨城県常総市新石下４０２５－２
セブンイレブン 藤沢４丁目店,神奈川県藤沢市藤沢４丁目５－３
セブンイレブン 東小川店,埼玉県比企郡小川町東小川４丁目６－１０
セブンイレブン秋田土崎港東１丁目店,秋田県秋田市土崎港東１丁目４８
セブンイレブン海老名中央１丁目店,神奈川県海老名市中央１丁目１２－１８
セブンイレブン 吉野川鴨島町喜来店,徳島県吉野川市鴨島町喜来３６５－１３
セブンイレブン 狭山笹井一丁目店,埼玉県狭山市笹井１丁目１３０７－４
セブンイレブン 堺大町西３丁店,大阪府堺市堺区大町西３丁１－２２
セブンイレブン 大阪南港南２丁目店,大阪府大阪市住之江区南港南２丁目３－４４
セブンイレブン 宝塚鹿塩１丁目店,兵庫県宝塚市鹿塩１丁目３４８－１
セブンイレブン 宮崎駅東２丁目店,宮崎県宮崎市宮崎駅東２丁目２－２
セブンイレブン 島田駅南店,静岡県島田市横井３丁目３－１３
セブンイレブン 今市中央店,栃木県日光市今市７８９
セブンイレブン長崎築町店,長崎県長崎市築町５－７－１Ｆ
セブンイレブン練馬石神井町７丁目店,東京都練馬区石神井町７丁目１０－１
セブンイレブン 四日市諏訪町店,三重県四日市市諏訪町４－８
セブンイレブン 福井駅西口店,福井県福井市大手２丁目１９０２
セブンイレブン 加古川駅前店,兵庫県加古川市加古川町溝之口５１０－５１
セブンイレブン 千葉中央３丁目店,千葉県千葉市中央区中央３丁目３－８
セブンイレブン 府中宮西町２丁目店,東京都府中市宮西町２丁目３－３
セブンイレブン 神戸須磨妙法寺東店,兵庫県神戸市須磨区妙法寺字中田１２０－５
セブンイレブン銚子犬吠崎店,千葉県銚子市高神東町９６５３－１
セブンイレブン品川・大崎３丁目店,東京都品川区大崎３丁目１－３
セブンイレブン小淵沢インター店,山梨県北杜市小淵沢町２７４３－１
セブンイレブン 河津駅前店,静岡県賀茂郡河津町浜１４２－２
セブンイレブン 港区三田３丁目店,東京都港区三田３丁目７－１５
セブンイレブン 北区田端駅東店,東京都北区東田端１丁目１３－２
セブンイレブン 掛川上張店,静岡県掛川市南１丁目１７－７
セブンイレブン 東区 福岡香椎駅前店,福岡県福岡市東区香椎駅前１丁目１０－２０－１Ｆ
セブンイレブン前橋城東町店,群馬県前橋市城東町３丁目１７－１
セブンイレブン柏原安堂町店,大阪府柏原市安堂町５－７
セブンイレブン文京向丘１丁目店,東京都文京区向丘１丁目１－１５
セブンイレブン 岐阜六条北４丁目店,岐阜県岐阜市六条北４丁目１４－９
セブンイレブン横浜地下鉄新横浜駅店,神奈川県横浜市港北区新横浜２丁目１００
セブンイレブン神戸新開地１丁目店,兵庫県神戸市兵庫区新開地１丁目４－３
セブンイレブン 金沢北安江４丁目店,石川県金沢市北安江４丁目１１－２７
セブンイレブン 堺金岡町店,大阪府堺市北区金岡町３００７－１
セブンイレブン 塩山本町店,山梨県甲州市塩山上於曽１２１３
セブンイレブン 多摩動物公園店,東京都日野市程久保８丁目３－６
セブンイレブン 大阪堀越町店,大阪府大阪市天王寺区堀越町１２－１０
セブンイレブン 原町田４丁目店,東京都町田市原町田４丁目１１－１５
セブンイレブン 柏原国分本町店,大阪府柏原市国分本町２丁目６－７
セブンイレブン 東陽町駅前店,東京都江東区東陽３丁目２７－１８
セブンイレブン 阪神西宮駅南店,兵庫県西宮市田中町５－３
セブンイレブン広島大手町４丁目店,広島県広島市中区大手町４丁目６－１２
セブンイレブン大分旦野原店,大分県大分市旦野原１０１１－１
セブンイレブン群馬みなかみ町店,群馬県利根郡みなかみ町川上１０２－１
セブンイレブン長岡京駅東口店,京都府長岡京市東神足２丁目５０１－１
セブンイレブン千代田一番町店,東京都千代田区一番町４－４
セブンイレブン 天下茶屋駅前店,大阪府大阪市西成区天下茶屋３丁目１８－２１
セブンイレブン 宝塚小浜２丁目店,兵庫県宝塚市小浜２丁目５－１０
セブンイレブン 宝塚山本西店,兵庫県宝塚市山本西２丁目７－１１
セブンイレブン 三鷹下連雀６丁目店,東京都三鷹市下連雀６丁目５－１
セブンイレブン 伊豆箱根鉄道修善寺駅店,静岡県伊豆市柏久保６３１－７
セブンイレブン品川駅港南口店,東京都港区港南２丁目５－３
セブンイレブン 高石東羽衣３丁目店,大阪府高石市東羽衣３丁目１５－１１
セブンイレブン ＪＲ京橋駅西口店,大阪府大阪市都島区片町２丁目２－６３
セブンイレブン 木更津駅東口店,千葉県木更津市大和２丁目２－１
セブンイレブン杉並荻窪五丁目店,東京都杉並区荻窪５丁目３０－１７
セブンイレブン研究学園駅西店,茨城県つくば市苅間研究学園Ｄ１６街区１
セブンイレブン 富山黒瀬店,富山県富山市黒瀬２８５
セブンイレブン 小川増尾店,埼玉県比企郡小川町大字増尾４４１－１
セブンイレブン 小松日の出町２丁目店,石川県小松市日の出町２丁目１００
セブンイレブン 和歌山美園町４丁目店,和歌山県和歌山市美園町４丁目９
セブンイレブン 堺敷物団地店,大阪府堺市南区原山台５丁１３－３
セブンイレブン 宝塚中野町店,兵庫県宝塚市中野町１４－１５
セブンイレブン 武蔵小金井本町二丁目店,東京都小金井市本町２丁目６－１２
セブンイレブンつくば小野崎店,茨城県つくば市小野崎１６１－３
セブンイレブン上尾上店,埼玉県上尾市大字上２３３－１
セブンイレブン三鷹駅北口店,東京都武蔵野市中町１丁目２０－８
セブンイレブン盛岡大通３丁目店,岩手県盛岡市大通３丁目２－８
セブンイレブン 神戸三宮磯上通店,兵庫県神戸市中央区磯上通５丁目１－２４
セブンイレブン 草津野路店,滋賀県草津市野路町１４３８－１
セブンイレブン 枚方市役所前店,大阪府枚方市大垣内町２丁目８－１５
セブンイレブン 梅田曽根崎新地２丁目店,大阪府大阪市北区曾根崎新地２丁目３－２１
セブンイレブンひたちなか東石川３丁目店,茨城県ひたちなか市東石川３丁目１８－８
セブンイレブン前橋本町一丁目店,群馬県前橋市本町１丁目７－５
セブンイレブン千葉駅北口店,千葉県千葉市中央区弁天１丁目１－５
セブンイレブン アリオ倉敷店,岡山県倉敷市寿町１２－２
セブンイレブン渋谷１丁目店,東京都渋谷区渋谷１丁目１１－６
セブンイレブン 豊橋駅東店,愛知県豊橋市広小路１丁目５
セブンイレブン 浦安美浜店,千葉県浦安市美浜１丁目７－１
セブンイレブン 相模原５丁目店,神奈川県相模原市中央区相模原５丁目７－１
セブンイレブン 川西東畦野３丁目店,兵庫県川西市東畦野３丁目２１－８
セブンイレブン 大垣三津屋町４丁目店,岐阜県大垣市三津屋町４丁目１－１２
セブンイレブン長崎万屋町店,長崎県長崎市万屋町６－５
セブンイレブン諫早永昌町店,長崎県諫早市永昌町５７７－１
セブンイレブン 福井和田東店,福井県福井市和田東２丁目９０２
セブンイレブン 藤枝駅前店,静岡県藤枝市駅前２丁目８－１
セブンイレブン 新木場１丁目店,東京都江東区新木場１丁目４－７
セブンイレブン 横浜市ヶ尾東店,神奈川県横浜市青葉区市ケ尾町５２９－１
セブンイレブン日本橋１丁目昭和通り店,東京都中央区日本橋１丁目１６－１１
セブンイレブン 呉駅前店,広島県呉市中央１丁目５－３４
セブンイレブン 大分中春日町店,大分県大分市中春日町１７９
セブンイレブン 沼津駅前店,静岡県沼津市大手町２丁目１－１
セブンイレブン 石岡泉町店,茨城県石岡市石岡２１４８－１
セブンイレブン赤羽駅西口店,東京都北区赤羽西１丁目７－１
セブンイレブン 神戸港島中町６丁目店,兵庫県神戸市中央区港島中町６丁目２－２
セブンイレブン 神戸琴ノ緒町５丁目店,兵庫県神戸市中央区琴ノ緒町５丁目５－１３ 協和ビル
セブンイレブン 秋田手形西谷地店,秋田県秋田市手形字西谷地３１
セブンイレブン 茨木舟木町店,大阪府茨木市舟木町２－２２
セブンイレブン 吹田元町店,大阪府吹田市元町３３－７
セブンイレブン 吹田泉町２丁目店,大阪府吹田市泉町２丁目４７－７
セブンイレブン 大崎百反通り店,東京都品川区大崎２丁目９－１
セブンイレブン 大津坂本店,滋賀県大津市比叡辻１丁目１３－６
セブンイレブン 大阪南船場１丁目店,大阪府大阪市中央区南船場１丁目１７－２０
セブンイレブン 奈良東九条町店,奈良県奈良市東九条町１６５－１
セブンイレブン 越前塚町店,福井県越前市塚町９－１１－２
セブンイレブン 金沢神谷内町店,石川県金沢市神谷内町ニ６１
セブンイレブン 勝浦上町店,千葉県勝浦市出水１２５２
セブンイレブン 印内町店,千葉県船橋市印内町６３８－１
セブンイレブン 名古屋藤見が丘店,愛知県名古屋市名東区藤見が丘４５
セブンイレブン七飯大沼店,北海道亀田郡七飯町字大沼町７７９－６
セブンイレブン 目黒柿の木坂１丁目店,東京都目黒区柿の木坂１丁目３１－１４
セブンイレブン奥多摩古里店,東京都西多摩郡奥多摩町小丹波３３
セブンイレブン 上野駅前通り店,東京都台東区上野６丁目１４－４
セブンイレブン 下田東本郷店,静岡県下田市東本郷１丁目８－１
セブンイレブン 大阪福島７丁目店,大阪府大阪市福島区福島７丁目４－２１
セブンイレブン 西宮上田中町店,兵庫県西宮市上田中町１７－２３
セブンイレブン 糸魚川中央店,新潟県糸魚川市中央２丁目２－１５
セブンイレブン 豊中曽根東町店,大阪府豊中市曽根東町１丁目１０－３
セブンイレブン大分下郡南店,大分県大分市下郡南１丁目１７３
セブンイレブン西新宿コクーンタワー店,東京都新宿区西新宿１丁目７－２
セブンイレブン 新宿若松町店,東京都新宿区若松町３１－８
セブンイレブン 桑名外堀店,三重県桑名市外堀１７３
セブンイレブン横浜尾上町３丁目店,神奈川県横浜市中区尾上町３丁目３５
セブンイレブン横浜日吉中央通り店,神奈川県横浜市港北区日吉本町１丁目２０－１２日吉吉田ビル
セブンイレブン目黒駒場１丁目店,東京都目黒区駒場１丁目３１－６
セブンイレブン 横浜磯子西町店,神奈川県横浜市磯子区西町３－１７
セブンイレブンセントラム六本木店,東京都港区六本木７丁目１４－２３
セブンイレブンパレスサイドビル店,東京都千代田区一ツ橋１丁目１－１
セブンイレブン 吹田竹見台店,大阪府吹田市竹見台３丁目６－１
セブンイレブン 和泉のぞみ野店,大阪府和泉市のぞみ野３丁目１１７２－４
セブンイレブン 国分寺南町３丁目店,東京都国分寺市南町３丁目２２－１５
セブンイレブン 大津石山駅前店,滋賀県大津市粟津町１８９－３
セブンイレブン 大阪中崎１丁目店,大阪府大阪市北区中崎１丁目５－２
セブンイレブン 大阪巽東４丁目店,大阪府大阪市生野区巽東４丁目３２－１
セブンイレブン 姫路豊沢町店,兵庫県姫路市豊沢町１６０－２
セブンイレブン 守口京阪北本通店,大阪府守口市京阪北本通３－５
セブンイレブン 安中磯部温泉入口店,群馬県安中市郷原１９２－１
セブンイレブン 下京区役所前店,京都府京都市下京区木津屋橋通油小路東入南町５７７
セブンイレブン 諏訪２丁目店,長野県諏訪市諏訪２丁目６－５
セブンイレブン 八幡店,千葉県市川市八幡２丁目３－２２
セブンイレブン 名古屋千代田３丁目店,愛知県名古屋市中区千代田３丁目８－７
セブンイレブン 名古屋名駅２丁目店,愛知県名古屋市中村区名駅２丁目４１－５
セブンイレブン 東大阪小阪本町２丁目店,大阪府東大阪市小阪本町２丁目１２－２１
セブンイレブン 大阪巽中２丁目店,大阪府大阪市生野区巽中２丁目３－１４
セブンイレブン北見大通東３丁目店,北海道北見市大通東３丁目
セブンイレブン 鋸南保田店,千葉県安房郡鋸南町元名９０１
セブンイレブン平塚駅北口店,神奈川県平塚市宝町２－６高久ビル
セブンイレブン 市川大野３丁目店,千葉県市川市大野町３丁目１７９３－１
セブンイレブン 富士市青葉町店,静岡県富士市青葉町５７７
セブンイレブン 波田赤松店,長野県松本市波田上赤松２９９４－１
セブンイレブン埼玉高速東川口駅店,埼玉県川口市東川口１丁目１－１
セブンイレブン大阪狭山東野中店,大阪府大阪狭山市東野中２丁目９７９－２
セブンイレブン 神戸北長狭通３丁目店,兵庫県神戸市中央区北長狭通３丁目２－３
セブンイレブン 茅ケ崎中海岸店,神奈川県茅ヶ崎市中海岸２丁目８－２７
セブンイレブン 蕨中央１丁目店,埼玉県蕨市中央１丁目８－１０
セブンイレブン秋田新国道寺内店,秋田県秋田市寺内字三千刈１１６－１
セブンイレブン岩国駅前中央通り店,山口県岩国市麻里布町３丁目１－２３
セブンイレブン 新宿市谷田町２丁目店,東京都新宿区市谷田町２丁目３
セブンイレブン 鈴鹿道伯町店,三重県鈴鹿市道伯町２１５０－１６
セブンイレブン北上駅東口店,岩手県北上市川岸１丁目７－５
セブンイレブン千代田平河町２丁目店,東京都千代田区平河町２丁目７－２
セブンイレブン 福島栄町店,福島県福島市栄町１０－２
セブンイレブン 秋田八橋新川向店,秋田県秋田市八橋新川向８－３０
セブンイレブン 羽曳野伊賀４丁目店,大阪府羽曳野市伊賀４丁目１３－１
セブンイレブン藤沢湘南台７丁目店,神奈川県藤沢市湘南台７丁目１７－１１
セブンイレブン 下越吉田大保町店,新潟県燕市吉田大保町５－２３
セブンイレブン 京都竹田中内畑町店,京都府京都市伏見区竹田中内畑町１４５
セブンイレブン 長浜駅前店,滋賀県長浜市元浜町１－３
セブンイレブン 高松多肥下町店,香川県高松市多肥下町３８４－１
セブンイレブン東村山栄町１丁目店,東京都東村山市栄町１丁目２４－１４
セブンイレブン 橋本東家店,和歌山県橋本市東家４丁目２－１
セブンイレブン吹田山田東１丁目店,大阪府吹田市山田東１丁目３８－１
セブンイレブン 金沢横川６丁目店,石川県金沢市横川６丁目１８３－２
セブンイレブン水天宮前店,東京都中央区日本橋蛎殻町１丁目３８－９
セブンイレブン相生山手店,兵庫県相生市山手１丁目１５０
セブンイレブン 国立中店,東京都国立市中１丁目１４－９
セブンイレブン 宇部若松町店,山口県宇部市若松町６－２４
セブンイレブン 中央区札幌南９条西４丁目店,北海道札幌市中央区南９条西４丁目
セブンイレブン 甲府朝気３丁目店,山梨県甲府市朝気３丁目２０－１３
セブンイレブン 山梨清里店,山梨県北杜市高根町清里３５４５－６３３８
セブンイレブン 彦根小泉町店,滋賀県彦根市小泉町１２８－１
セブンイレブン 八王子北口店,東京都八王子市東町１３－６
セブンイレブン川崎万福寺１丁目店,神奈川県川崎市麻生区万福寺１丁目８－５リヴェール新百合丘
セブンイレブン川崎登戸駅前店,神奈川県川崎市多摩区登戸３３７５－１
セブンイレブン 茨木東奈良３丁目店,大阪府茨木市東奈良３丁目１４－１０
セブンイレブン 西宮北夙川通り店,兵庫県西宮市老松町１－９
セブンイレブン 向日寺戸店,京都府向日市寺戸町修理式１３－２
セブンイレブン 和歌山南大工町店,和歌山県和歌山市南大工町１７
セブンイレブン 大垣南頬町一丁目店,岐阜県大垣市南頬町１丁目８４
セブンイレブン大分奧田店,大分県大分市大字奥田田中町１８－１－Ｂ
セブンイレブン浦和常盤５丁目店,埼玉県さいたま市浦和区常盤５丁目１７－１２
セブンイレブン 新橋ＳＬ広場前店,東京都港区新橋２丁目８－９
セブンイレブン 日立千石町店,茨城県日立市千石町１丁目１９－５
セブンイレブン柏あけぼの４丁目店,千葉県柏市あけぼの４丁目１－３
セブンイレブン 港区芝三丁目店,東京都港区芝３丁目１５－９
セブンイレブン 狭山入間川店,埼玉県狭山市入間川２丁目４－４
セブンイレブン 相模原橋本２丁目店,神奈川県相模原市緑区橋本２丁目５－７
セブンイレブン 京都竹鼻堂ノ前店,京都府京都市山科区竹鼻堂ノ前町２７－１
セブンイレブン 富士市横割店,静岡県富士市横割２丁目１－１
