,店舗名,住所,緯度,経度
0,セブンイレブン 名古屋椿町店,愛知県名古屋市中村区椿町１４－２３,35.1690445,136.8803255
1,セブンイレブン品川駅前店新川屋,東京都港区高輪３丁目２５－２０,35.6303016,139.737793
2,セブンイレブン 京都駅八条口店,京都府京都市下京区東塩小路釜殿町３１－１,34.9846916,135.7573333
3,セブンイレブン浦安舞浜店,千葉県浦安市舞浜２丁目４６－１,35.6392456,139.8824973
4,セブンイレブングランフロント大阪店,大阪府大阪市北区大深町３－１,34.7053446,135.4946432
5,セブンイレブン箱根湯本駅前店,神奈川県足柄下郡箱根町湯本６９３－１,35.23146630000001,139.1016658
6,セブンイレブン 福岡天神２丁目店,福岡県福岡市中央区天神２丁目４－１９,33.5874021,130.3972686
7,セブンイレブン 大阪芝田２丁目店,大阪府大阪市北区芝田２丁目２－１３,34.70594450000001,135.4959015
8,セブンイレブン 秋田東通仲町店,秋田県秋田市東通仲町３－２５,39.7160123,140.1326867
9,セブンイレブン 新横浜駅南口店,神奈川県横浜市港北区篠原町２９７１－１,35.5064448,139.6169569
10,セブンイレブン箱根宮城野店,神奈川県足柄下郡箱根町宮城野６１９－２,35.2538778,139.0508675
11,セブンイレブン 札幌ステラプレイス店,北海道札幌市中央区北５条西２丁目,43.067934,141.3526151
12,セブンイレブン 鬼怒川立岩店,栃木県日光市鬼怒川温泉大原１４２２－１,36.8230965,139.7121914
13,セブンイレブン 神戸三ノ宮店,兵庫県神戸市中央区北長狭通１丁目３－６,34.6935853,135.1927225
14,セブンイレブン 北区東十条駅前店,東京都北区中十条２丁目９－１５,35.7621197,139.7269807
15,セブンイレブン アオーレ長岡店,新潟県長岡市大手通１丁目４－１０,37.4465874,138.8512244
16,セブンイレブン 仙台駅東口店,宮城県仙台市宮城野区榴岡１丁目２－３７ダイワロイネットホテル仙台,38.2586966,140.8848331
17,セブンイレブン 津市西丸之内店,三重県津市西丸之内１０－３,34.7165907,136.501301
18,セブンイレブン函館若松町店,北海道函館市若松町７－１５,41.7720207,140.7271797
19,セブンイレブン 新潟駅ＣｏＣｏＬｏ西館店,新潟県新潟市中央区花園１丁目９６－４７,37.9111436,139.0608557
20,セブンイレブン福岡天神３丁目店,福岡県福岡市中央区天神３丁目１６－１９－１Ｆ,33.593557,130.3974436
21,セブンイレブン 茨木西駅前町店,大阪府茨木市西駅前町５－３２,34.8167854,135.5612497
22,セブンイレブン 大阪阿倍野筋４丁目店,大阪府大阪市阿倍野区阿倍野筋４丁目１８－１５,34.6401856,135.510927
23,セブンイレブン中央区京橋１丁目店,東京都中央区京橋１丁目３－３,35.6786801,139.7710529
24,セブンイレブン 大阪宮原１丁目店,大阪府大阪市淀川区宮原１丁目１－３,34.7340802,135.5003205
25,セブンイレブン 大阪角田町店,大阪府大阪市北区角田町１－１,34.7040283,135.5011454
26,セブンイレブン 渋谷駅西店,東京都渋谷区道玄坂１丁目３－１１,35.65827480000001,139.6996178
27,セブンイレブン 江ノ電鎌倉駅サテライト店,神奈川県鎌倉市御成町１－１２,35.3182006,139.5499448
28,セブンイレブン 茅ケ崎幸町店,神奈川県茅ヶ崎市幸町１６－１２,35.330327,139.4112661
29,セブンイレブン 姫路東駅前町店,兵庫県姫路市東駅前町３１,34.8284142,134.6924378
30,セブンイレブン 倉敷駅前店,岡山県倉敷市阿知２丁目８－１,34.6001676,133.7675784
31,セブンイレブン 福島富岡上郡山店,福島県双葉郡富岡町大字上郡山字関名古３３４,37.3210587,141.0070596
32,セブンイレブン 奈良三碓２丁目店,奈良県奈良市三碓２丁目２５５－１,34.690574,135.7355337
33,セブンイレブン 会津白虎町店,福島県会津若松市白虎町２１３－３,37.5074598,139.9328088
34,セブンイレブン 横浜桜木町駅前店,神奈川県横浜市中区花咲町２丁目６４,35.4498515,139.629887
35,セブンイレブン 津市上浜町３丁目店,三重県津市上浜町３丁目６１－４,34.7412718,136.5161599
36,セブンイレブン 生駒元町１丁目店,奈良県生駒市元町１丁目４４１－３,34.6923108,135.6957337
37,セブンイレブン秋田中通６丁目店,秋田県秋田市中通６丁目８－５,39.7146012,140.1264928
38,セブンイレブン 浜松駅南店,静岡県浜松市中区砂山町３２２－７,34.7028604,137.7341535
39,セブンイレブンつくば吾妻３丁目店,茨城県つくば市吾妻３丁目１６－９,36.0879605,140.1150338
40,セブンイレブン 宝塚南口２丁目店,兵庫県宝塚市南口２丁目５－４１,34.8036112,135.3472904
41,セブンイレブンエル京橋店,大阪府大阪市都島区東野田町３丁目５－６,34.6976851,135.5339068
42,セブンイレブン神戸フラワーロード店,兵庫県神戸市中央区加納町４丁目１０－２,34.6956212,135.1935446
43,セブンイレブン立川北駅店,東京都立川市曙町２丁目４－１,35.6988077,139.4126987
44,セブンイレブン 神戸相生１丁目店,兵庫県神戸市中央区相生町１丁目３－３,34.6810171,135.1794378
45,セブンイレブン鎌倉小袋谷店,神奈川県鎌倉市大船３丁目３－５,35.3491358,139.532363
46,セブンイレブン八重洲地下街南店,東京都中央区八重洲２丁目１,35.6798688,139.7696085
47,セブンイレブン伊東 駅前店,静岡県伊東市湯川１丁目８－１１,34.9751858,139.0932781
48,セブンイレブン 静岡駅南口店,静岡県静岡市駿河区南町１３－２１,34.9701349,138.3906979
49,セブンイレブン 彦根駅前店,滋賀県彦根市大東町１－１,35.2715448,136.2612392
50,セブンイレブン 横浜市ケ尾店,神奈川県横浜市青葉区市ケ尾町４０９,35.5402424,139.543805
51,セブンイレブン 宝塚湯本町店,兵庫県宝塚市湯本町４－３４,34.8054109,135.3439461
52,セブンイレブン ダイバーシティ東京プラザ店,東京都江東区青海１－１－１０ ダイバーシティ東京 プラザ １Ｆ,35.62504620000001,139.7754533
53,セブンイレブン福岡市地下鉄博多駅店,福岡県福岡市博多区博多駅中央街１－１－Ｂ１Ｆ,33.5895666,130.4202822
54,セブンイレブン札幌北６条西１丁目店,北海道札幌市北区北６条西１丁目３－８,43.069331,141.3534037
55,セブンイレブン 大阪桜島３丁目店,大阪府大阪市此花区桜島３丁目３－２３,34.6629394,135.4294448
56,セブンイレブン 大阪天王寺駅北店,大阪府大阪市天王寺区悲田院町７－３,34.6485123,135.5164679
57,セブンイレブン 姫路南町店,兵庫県姫路市南町６５,34.8294501,134.6905547
58,セブンイレブン銀座地下街店,東京都中央区銀座５丁目４－３,35.6719251,139.7635896
59,セブンイレブン 大津駅前店,滋賀県大津市春日町２－１,35.0036221,135.8633215
60,セブンイレブン箱根湯本店,神奈川県足柄下郡箱根町湯本３２１,35.2317193,139.108218
61,セブンイレブン新丸ビル店,東京都千代田区丸の内１丁目５－１,35.68258220000001,139.7644643
62,セブンイレブン 千里中央駅北店,大阪府豊中市新千里東町１丁目２－３６,34.8112348,135.4941032
63,セブンイレブン 高槻芥川１丁目店,大阪府高槻市芥川町１丁目７－７,34.8524885,135.6171159
64,セブンイレブン 宇都宮駅前店,栃木県宇都宮市駅前通り１丁目５－１３,36.5596568,139.8965613
65,セブンイレブン大分駅前店,大分県大分市末広町１丁目１－２０,33.2348497,131.6063391
66,セブンイレブン 川越脇田本町店,埼玉県川越市脇田本町２－５,35.9055062,139.4825916
67,セブンイレブン堺東駅前店,大阪府堺市堺区三国ヶ丘御幸通１８－１,34.5731509,135.4838535
68,セブンイレブン 新潟弁天１丁目店,新潟県新潟市中央区弁天１丁目２－４,37.9133488,139.0598167
69,セブンイレブン甲府中央店,山梨県甲府市中央１丁目１２－４６,35.6599414,138.5692932
70,セブンイレブン町田駅東口店,東京都町田市原町田６丁目１５－１２－１Ｂ,35.5450146,139.4464124
71,セブンイレブン 旭川買物公園店,北海道旭川市宮下通７丁目２３９９－１明治屋ビル,43.764871,142.358608
72,セブンイレブン グランフロント大阪フロアナイン店,大阪府大阪市北区大深町３－１,34.7053446,135.4946432
73,セブンイレブン横浜みなとみらいパークビル店,神奈川県横浜市西区みなとみらい３丁目６－３,35.4585782,139.632367
74,セブンイレブン 川崎武蔵小杉駅前店,神奈川県川崎市中原区新丸子東３丁目１２００,35.5764822,139.6608892
75,セブンイレブン 川西能勢口駅前店,兵庫県川西市栄町１０－５－１０３,34.8289347,135.4135283
76,セブンイレブン 大阪高麗橋２丁目店,大阪府大阪市中央区高麗橋２丁目５－７,34.6900076,135.5043067
77,セブンイレブン 奈良西大寺本町店,奈良県奈良市西大寺本町４－１,34.6968186,135.7807075
78,セブンイレブン 津市藤方店,三重県津市藤方１５８５－３,34.6884252,136.5132146
79,セブンイレブン 柏原国分市場店,大阪府柏原市国分市場２丁目１１－１２,34.5666054,135.647432
80,セブンイレブン 海老名駅前店,神奈川県海老名市中央１丁目１５－１,35.4552863,139.3945416
81,セブンイレブン 奈良三条本町店,奈良県奈良市三条本町７－２３,34.6770074,135.8192214
82,セブンイレブン 茨木中穂積一丁目店,大阪府茨木市中穂積１丁目１－５,34.8153465,135.5575751
83,セブンイレブン 岡山駅元町店,岡山県岡山市北区駅元町３０－１２,34.6679384,133.9170462
84,セブンイレブン武蔵野境１丁目店,東京都武蔵野市境１丁目１５－１０,35.7026048,139.546307
85,セブンイレブン浦和駅西口店,埼玉県さいたま市浦和区高砂２丁目６－９,35.8576797,139.6542232
86,セブンイレブン東京ドームシティミーツポート店,東京都文京区後楽１丁目３－６１,35.7046709,139.7533532
87,セブンイレブン 船橋本町７丁目店,千葉県船橋市本町７丁目１２－１３,35.7044269,139.9838316
88,セブンイレブン 伊豆高原店,静岡県伊東市八幡野１１３６－１,34.8761085,139.103608
89,セブンイレブン大阪難波なんさん通店,大阪府大阪市中央区難波千日前１５－１７,34.6636355,135.5029298
90,セブンイレブン 長崎文教通り店,長崎県長崎市大橋町２４－４,32.7824125,129.8640783
91,セブンイレブン長崎五島町店,長崎県長崎市五島町１－１３,32.7496689,129.8728257
92,セブンイレブン 草津大路２丁目店,滋賀県草津市大路２丁目１２－１１,35.0197723,135.9689368
93,セブンイレブン大森駅前店,東京都大田区大森北１丁目１－４,35.5894201,139.7293539
94,セブンイレブン 仙台榴ヶ岡２丁目店,宮城県仙台市宮城野区榴岡２丁目５－５,38.2603995,140.885088
95,セブンイレブン富士吉田警察署東店,山梨県富士吉田市松山５丁目３－１１,35.4853371,138.7895578
96,セブンイレブン 西宮北口駅北店,兵庫県西宮市甲風園１丁目９－３,34.7477318,135.3562464
97,セブンイレブン 近鉄奈良駅北口店,奈良県奈良市東向北町３０－１,34.6846317,135.8289203
98,セブンイレブン福山駅前店,広島県福山市三之丸町８－１１,34.4879964,133.361421
99,セブンイレブン小田原東通り店,神奈川県小田原市栄町２丁目１－８真砂ビル,35.2562404,139.1569671
100,セブンイレブン 神戸中央中町通店,兵庫県神戸市中央区中町通２丁目３－１,34.6796172,135.1756381
101,セブンイレブン 三田三輪３丁目店,兵庫県三田市三輪３丁目８３７－１１,34.892493,135.229542
102,セブンイレブン八王子駅南店,東京都八王子市旭町１－１８,35.6545081,139.3393372
103,セブンイレブン前橋市民文化会館前店,群馬県前橋市南町３丁目４１－５,36.381194,139.0713304
104,セブンイレブン大分鴛野店,大分県大分市大字鴛野１３７９－１,33.1820833,131.6160864
105,セブンイレブン 有楽町イトシア店,東京都千代田区有楽町２丁目７－１,35.6742637,139.7637618
106,セブンイレブン 市川１丁目店,千葉県市川市市川１丁目１２－９,35.7309516,139.9068836
107,セブンイレブン銀座１丁目店,東京都中央区銀座１丁目１８－６,35.6738112,139.7714558
108,セブンイレブン 枚方市駅東口店,大阪府枚方市岡東町６６５－５８,34.8138096,135.6489501
109,セブンイレブン 熱海咲見町店,静岡県熱海市咲見町１０－３,35.1005759,139.0749878
110,セブンイレブン日光インター店,栃木県日光市東和町５９－１,36.7455948,139.6231775
111,セブンイレブン大阪駅前第２ビル店,大阪府大阪市北区梅田１丁目２－２,34.6988538,135.4980486
112,セブンイレブン 柏駅南口店,千葉県柏市柏１丁目２－２７,35.8610939,139.9712371
113,セブンイレブン 川崎駅東口店,神奈川県川崎市川崎区駅前本町１－３,35.5297921,139.6985682
114,セブンイレブン 金沢袋町店,石川県金沢市袋町５－８,36.5726101,136.6561907
115,セブンイレブン 世田谷成城６丁目店,東京都世田谷区成城６丁目９－７,35.6405692,139.5984606
116,セブンイレブン 大阪狭山５丁目店,大阪府大阪狭山市狭山５丁目２２４７－１,34.5033955,135.558923
117,セブンイレブン 長岡旭町店,新潟県長岡市旭町２丁目２－１,37.4438572,138.8505496
118,セブンイレブン ＪＲ和歌山駅東口店,和歌山県和歌山市黒田１丁目２－１,34.2327061,135.1931618
119,セブンイレブン博多駅前朝日ビル店,福岡県福岡市博多区博多駅前２丁目１－１,33.5909299,130.4181836
120,セブンイレブン海老名中央３丁目店,神奈川県海老名市中央３丁目１－３３,35.4502648,139.3917391
121,セブンイレブン 奈良中登美ヶ丘３丁目店,奈良県奈良市中登美ヶ丘３丁目１１,34.7189546,135.7459045
122,セブンイレブン 奈良押熊町店,奈良県奈良市押熊町１４４５－１,34.7144274,135.7668944
123,セブンイレブン 春日井町店,愛知県春日井市春日井町字土合６４－５,35.2497773,136.9352689
124,セブンイレブン 三田西山１丁目店,兵庫県三田市西山１丁目２－１９,34.8823553,135.2200019
125,セブンイレブン 府中駅北口店,東京都府中市府中町２丁目２－５,35.6724121,139.4820387
126,セブンイレブン 鈴鹿白子駅前店,三重県鈴鹿市白子駅前２９４８－７,34.83537099999999,136.588984
127,セブンイレブン 東区 福岡香椎２丁目店,福岡県福岡市東区香椎２丁目３－３,33.654704,130.448207
128,セブンイレブン相模湖西店,神奈川県相模原市緑区与瀬７１４,35.6177018,139.1837561
129,セブンイレブン 大月御太刀１丁目店,山梨県大月市御太刀１丁目１０－１４,35.6135989,138.9451937
130,セブンイレブン 小倉北区 小倉魚町２丁目店,福岡県北九州市小倉北区魚町２丁目５－８－１Ｆ,33.883695,130.880994
131,セブンイレブン 渋川大崎店,群馬県渋川市大崎１６２１－１,36.489318,139.0113778
132,セブンイレブン 京都伏見竹田店,京都府京都市伏見区竹田七瀬川町１２,34.9562165,135.759966
133,セブンイレブン箕面５丁目店,大阪府箕面市箕面５丁目１－１１,34.8342322,135.4713401
134,セブンイレブン 浅草国際通り店,東京都台東区浅草１丁目４３－５,35.7133962,139.792589
135,セブンイレブン赤坂２丁目店,東京都港区赤坂２丁目１３－１,35.6730464,139.7382666
136,セブンイレブン大津坂本３丁目店,滋賀県大津市坂本３丁目１４５１－４,35.0709671,135.876976
137,セブンイレブン柏原高井田店,大阪府柏原市大字高井田７４３－１,34.5712032,135.6396665
138,セブンイレブン 大阪ビジネスパーク東店,大阪府大阪市中央区城見２丁目２－５３,34.6937744,135.534093
139,セブンイレブン伊勢原１丁目店,神奈川県伊勢原市伊勢原１丁目１８－１７,35.3974422,139.3146286
140,セブンイレブン 阪急山田駅前店,大阪府吹田市山田西４丁目２－８６,34.8039539,135.5160255
141,セブンイレブン 鶴岡宝田１丁目店,山形県鶴岡市宝田１丁目８－５５,38.7411791,139.8311854
142,セブンイレブン 小諸店,長野県小諸市荒町１丁目４－８,36.3279801,138.4265884
143,セブンイレブン 尼崎中央店,兵庫県尼崎市昭和南通４丁目４０,34.7210464,135.414439
144,セブンイレブン 三田けやき台店,兵庫県三田市けやき台３丁目７５－４,34.9123294,135.1918087
145,セブンイレブン高松サンポート店,香川県高松市サンポート２－１,34.3526676,134.0467571
146,セブンイレブン 大阪天神橋４丁目店,大阪府大阪市北区天神橋４丁目９－３,34.693638,135.5135863
147,セブンイレブン大分金池町店,大分県大分市金池町４丁目３１４０－１,33.2346406,131.6149622
148,セブンイレブン秩父宮側町店,埼玉県秩父市宮側町１５－１６,35.9985156,139.0836168
149,セブンイレブン柏３丁目店,千葉県柏市柏３丁目７－２４,35.8609218,139.9750951
150,セブンイレブン西新宿一丁目店,東京都新宿区西新宿１丁目１１－１１,35.6899932,139.6975946
151,セブンイレブン 羽曳野栄町店,大阪府羽曳野市栄町１０－１,34.5502608,135.6066175
152,セブンイレブン伊勢原駅前店,神奈川県伊勢原市伊勢原２丁目４－２４,35.3965665,139.3110041
153,セブンイレブン 鶴見中央店,神奈川県横浜市鶴見区鶴見中央２丁目２－１,35.5102812,139.6789566
154,セブンイレブン いわき駅南口店,福島県いわき市平字田町１,37.0579185,140.8919672
155,セブンイレブン 安房富山高崎店,千葉県南房総市高崎１２０２－１,35.0880707,139.846776
156,セブンイレブン 長野二線路通り店,長野県長野市大字南長野北石堂町１３７４－１,36.6447526,138.1878106
157,セブンイレブン福岡大名店,福岡県福岡市中央区大名１丁目１－８,33.5863384,130.3965492
158,セブンイレブン 岐阜入舟町店,岐阜県岐阜市入舟町５丁目２７－１,35.410982,136.7833946
159,セブンイレブン大阪曽根崎２丁目店,大阪府大阪市北区曾根崎２丁目１５－２９,34.7018924,135.501476
160,セブンイレブン尾道土堂店,広島県尾道市土堂１丁目１７－１６,34.4068675,133.199789
161,セブンイレブン品川プリンスホテル店,東京都港区高輪４丁目１０－３０,35.6280462,139.7352378
162,セブンイレブン 奈良大宮町６丁目店,奈良県奈良市大宮町６丁目２－１８,34.6847342,135.8111191
163,セブンイレブン 花巻矢沢店,岩手県花巻市矢沢第４地割１２６－１,39.4051414,141.1671343
164,セブンイレブン大阪松崎２丁目店,大阪府大阪市阿倍野区松崎町２丁目１０－６,34.6428547,135.5149349
165,セブンイレブン 名古屋金山４丁目店,愛知県名古屋市中区金山４丁目２－１,35.1439764,136.9038242
166,セブンイレブン 津市久居新町店,三重県津市久居新町１００４－１,34.6777979,136.4776784
167,セブンイレブン 福知山駅南店,京都府福知山市駅南町２丁目２６７,35.2946112,135.1184081
168,セブンイレブンさいたま仲町２丁目店,埼玉県さいたま市浦和区仲町２丁目４－２２,35.8604656,139.6528788
169,セブンイレブン 金沢駅西本町３丁目店,石川県金沢市駅西本町３丁目１５－１３－２,36.5814889,136.6327614
170,セブンイレブン 大垣今宿３丁目店,岐阜県大垣市今宿３丁目３０－１,35.3648061,136.6357919
171,セブンイレブン川口駅東口店,埼玉県川口市川口１丁目１－１,35.801025,139.7184552
172,セブンイレブン 伊豆白田店,静岡県賀茂郡東伊豆町白田３１８－１２,34.8020721,139.0610668
173,セブンイレブン こんぴら店,香川県仲多度郡琴平町６９６－１,34.1892945,133.8181121
174,セブンイレブン 宝塚泉町店,兵庫県宝塚市泉町１７－１３,34.8116161,135.3687889
175,セブンイレブン ＪＲ宇治駅前店,京都府宇治市宇治宇文字２９－２,34.88986,135.8004457
176,セブンイレブン 赤坂東急プラザ店,東京都千代田区永田町２丁目１４－３,35.6773487,139.7374637
177,セブンイレブンハウステンボス駅前店,長崎県佐世保市南風崎町５０４－２,33.0855237,129.812612
178,セブンイレブン 福島駅東口店,福島県福島市栄町７２－４,37.7558811,140.4605048
179,セブンイレブン 長崎岩川町店,長崎県長崎市岩川町１７－１５,32.7662616,129.8665454
180,セブンイレブン 大町南原店,長野県大町市大町南原町３７０６－１,36.4687262,137.8436532
181,セブンイレブン新山口駅前店,山口県山口市小郡下郷１２９２,34.0950411,131.3961185
182,セブンイレブン 桑名駅西店,三重県桑名市大字東方１３６２－１,35.0673433,136.680445
183,セブンイレブン北千住駅東口店,東京都足立区千住旭町４－１３,35.7492818,139.806947
184,セブンイレブン藤沢湘南台２丁目店,神奈川県藤沢市湘南台２丁目１２－６第８露木商事ビル,35.3952669,139.465549
185,セブンイレブン 那須塩原駅西口店,栃木県那須塩原市方京１丁目１－１,36.9329693,140.0182361
186,セブンイレブン 出町柳駅前店,京都府京都市左京区田中上柳町５３－４,35.0304485,135.7738397
187,セブンイレブン 秦野渋沢店,神奈川県秦野市萩が丘１－７,35.3738681,139.1819743
188,セブンイレブン 芦屋駅北口店,兵庫県芦屋市大原町１１－２４,34.7360821,135.3069091
189,セブンイレブン 西宮ガーデンズ北口店,兵庫県西宮市高松町２０－１３,34.7456487,135.3612127
190,セブンイレブン 福井開発町店,福井県福井市開発町６－１１－１,36.0847739,136.2434783
191,セブンイレブン品川東大井５丁目店,東京都品川区東大井５丁目１－１２,35.608007,139.7362969
192,セブンイレブン平塚八重咲町店,神奈川県平塚市八重咲町１２－８,35.3263891,139.3471241
193,セブンイレブン神戸三宮駅東店,兵庫県神戸市中央区琴ノ緒町２丁目３－５,34.6978266,135.1976358
194,セブンイレブン 中央区 福岡渡辺通５丁目店,福岡県福岡市中央区渡辺通５丁目２０－７－１Ｆ,33.5871753,130.4023441
195,セブンイレブン 神戸東落合店,兵庫県神戸市須磨区東落合２丁目１－１７,34.6816187,135.103419
196,セブンイレブン虎ノ門５丁目店,東京都港区虎ノ門５丁目１２－１,35.6628007,139.7453718
197,セブンイレブン 奈良四条大路４丁目店,奈良県奈良市四条大路４丁目７７－１,34.681395,135.7936979
198,セブンイレブン 上野６丁目昭和通り店,東京都台東区上野６丁目１６－１５,35.711182,139.7761514
199,セブンイレブン北浦和３丁目店,埼玉県さいたま市浦和区北浦和３丁目５－１４,35.8728474,139.6467456
200,セブンイレブン別府田の湯町店,大分県別府市田の湯町２０３６－１,33.2780736,131.4985132
201,セブンイレブン 大阪狭山大野台１丁目店,大阪府大阪狭山市大野台１丁目３２－５９,34.4785845,135.5486239
202,セブンイレブン 大阪紅梅町店,大阪府大阪市北区紅梅町１－７,34.698607,135.5138028
203,セブンイレブン 富士宮中央町店,静岡県富士宮市中央町８－１３,35.2232287,138.615074
204,セブンイレブン 京都河原町姉小路店,京都府京都市中京区河原町通三条上る下丸屋町４１０－３,35.009636,135.768542
205,セブンイレブン 伊丹３丁目店,兵庫県伊丹市伊丹３丁目５５５－１,34.7716771,135.4210062
206,セブンイレブン 刈谷相生町店,愛知県刈谷市相生町２丁目３５－１,34.993613,137.0101838
207,セブンイレブン 津市大里窪田町店,三重県津市大里窪田町一之坪３１９４,34.7656512,136.5024711
208,セブンイレブン 岐阜加納城南通店,岐阜県岐阜市加納城南通２丁目４－１,35.3990233,136.7571631
209,セブンイレブン 岐阜敷島町３丁目店,岐阜県岐阜市敷島町３丁目１５,35.4117106,136.7423147
210,セブンイレブン秋田広面店,秋田県秋田市広面字谷地沖１７－２,39.7211399,140.1487405
211,セブンイレブン 高槻高槻町店,大阪府高槻市高槻町１２－２３,34.8502832,135.619488
212,セブンイレブン厚木中町４丁目店,神奈川県厚木市中町４丁目５－１１平本ビル,35.43732809999999,139.3612298
213,セブンイレブン府中市府中町１丁目店,東京都府中市府中町１丁目１１－８,35.6739646,139.4807582
214,セブンイレブン木津川原田店,京都府木津川市木津川原田２９－１,34.7346083,135.8218966
215,セブンイレブン 安曇野穂高店,長野県安曇野市穂高２６３５,36.3390823,137.8880632
216,セブンイレブン クルン高岡店,富山県高岡市下関町６－１,36.7415589,137.0151161
217,セブンイレブン水戸駅南口店,茨城県水戸市城南２丁目１－２０,36.3670082,140.4759684
218,セブンイレブン 池田市城南１丁目店,大阪府池田市城南１丁目９－２０,34.8193301,135.43129
219,セブンイレブン 津市久居明神町店,三重県津市久居明神町風早２１８８－３,34.6873058,136.4680937
220,セブンイレブン 宝塚小林３丁目店,兵庫県宝塚市小林３丁目９－３３,34.7943123,135.3576372
221,セブンイレブン多摩永山店,東京都多摩市永山１丁目２－１３,35.6324802,139.4474941
222,セブンイレブン 仙台中央４丁目店,宮城県仙台市青葉区中央４丁目８－１,38.2574914,140.879658
223,セブンイレブン 福井大手３丁目店,福井県福井市大手３丁目１２０１－１,35.8908764,136.2110252
224,セブンイレブン 藤沢駅前店,神奈川県藤沢市藤沢１０８,35.3399647,139.4889333
225,セブンイレブン 高尾北口店,東京都八王子市高尾町１５８５－１,35.6428504,139.2817762
226,セブンイレブン石岡貝地店,茨城県石岡市貝地２丁目２０２０－１,36.1855078,140.2817506
227,セブンイレブン 広島大手町１丁目店,広島県広島市中区大手町１丁目１－２１,34.3955798,132.4552812
228,セブンイレブン大和駅前店,神奈川県大和市中央１丁目１－２５,35.4693001,139.4608173
229,セブンイレブン 目黒駅東口店,東京都品川区上大崎３丁目３－１,35.6338033,139.717753
230,セブンイレブン 富山赤田店,富山県富山市赤田９４１－１,36.6574793,137.2103261
231,セブンイレブン 嵯峨野店,京都府京都市右京区嵯峨野秋街道町２５,35.0138601,135.6953302
232,セブンイレブン 高松寿町２丁目店,香川県高松市寿町２丁目１－１,34.3483353,134.0482869
233,セブンイレブンさいたま大門町１丁目店,埼玉県さいたま市大宮区大門町１丁目３,35.9075341,139.6262068
234,セブンイレブン伊東 八幡野店,静岡県伊東市八幡野１１８７－１,34.8774475,139.1047413
235,セブンイレブン 大阪新サンケイビル店,大阪府大阪市北区梅田２丁目５－２,34.6983065,135.4932185
236,セブンイレブン 岩国昭和町店,山口県岩国市昭和町１丁目１１－１６,34.1722279,132.2292692
237,セブンイレブン静岡 東新田２丁目店,静岡県静岡市駿河区東新田２丁目１５－２３,34.9465224,138.3736181
238,セブンイレブン アリコベール上尾店,埼玉県上尾市宮本町２－１－１０４,35.9742002,139.5886783
239,セブンイレブン 三田本町駅前店,兵庫県三田市相生町１１－１２,34.8825105,135.2299642
240,セブンイレブン 高槻芥川町店,大阪府高槻市芥川町２丁目１３－３３,34.8525634,135.6149523
241,セブンイレブン志木本町５丁目店,埼玉県志木市本町５丁目１２－１１,35.82665679999999,139.5759617
242,セブンイレブン 横浜梅が丘店,神奈川県横浜市青葉区梅が丘７－１６,35.5385704,139.5246234
243,セブンイレブン 津市一身田中野店,三重県津市一身田中野１８２－１,34.7501936,136.5115789
244,セブンイレブン 堺若松台１丁店,大阪府堺市南区若松台１丁２－１,34.4943627,135.5080526
245,セブンイレブン 塩尻大門店,長野県塩尻市大門一番町１３－２,36.112206,137.9520076
246,セブンイレブン 大阪難波中２丁目店,大阪府大阪市浪速区難波中２丁目４－９,34.6625412,135.5044019
247,セブンイレブン厚木中町店,神奈川県厚木市中町２丁目１３－１２ソレイユ三和,35.4433327,139.366009
248,セブンイレブン 豊中北桜塚４丁目店,大阪府豊中市北桜塚４丁目１７－１９,34.7878456,135.4722357
249,セブンイレブン 上田城大手門店,長野県上田市中央２丁目３－２,36.4013227,138.2520692
250,セブンイレブン 厚別区 新札幌バスターミナル前店,北海道札幌市厚別区厚別中央二条５丁目３,43.0398266,141.4709811
251,セブンイレブン長岡京セブン通り店,京都府長岡京市長岡１丁目３－９,34.9272875,135.6927188
252,セブンイレブン焼津 駅北店,静岡県焼津市駅北４丁目１－１,34.8740917,138.3172568
253,セブンイレブン秋田山王６丁目店,秋田県秋田市山王６丁目２－１４,39.7156804,140.1009202
254,セブンイレブン 吹田山田東４丁目店,大阪府吹田市山田東４丁目１２－２２,34.8037342,135.5210905
255,セブンイレブン 堺光明池駅東店,大阪府堺市南区鴨谷台２丁２－５,34.4735286,135.477097
256,セブンイレブン 大阪淡路町４丁目店,大阪府大阪市中央区淡路町４丁目４－１１,34.6871051,135.4996016
257,セブンイレブン 宝塚宮の町店,兵庫県宝塚市宮の町１０－３,34.8084245,135.3511289
258,セブンイレブン 松戸駅東口店,千葉県松戸市小根本２０－２１,35.7854605,139.9034542
259,セブンイレブン下目黒１丁目店,東京都目黒区下目黒１丁目３－１,35.6341809,139.7132339
260,セブンイレブン千葉駅西口店,千葉県千葉市中央区新千葉２丁目６－１５,35.6143493,140.1097788
261,セブンイレブン 横浜青葉台１丁目店,神奈川県横浜市青葉区青葉台１丁目６－１６ グリーンハウスビル,35.5418001,139.5170033
262,セブンイレブン 岐阜長良福光店,岐阜県岐阜市長良福光１５８９－２,35.4503114,136.7748599
263,セブンイレブン文京本郷１丁目店,東京都文京区本郷１丁目２２－６,35.7051292,139.7549419
264,セブンイレブンＴＯＣ有明店,東京都江東区有明３丁目５－７,35.6321298,139.7881255
265,セブンイレブン 鶴岡大宝寺町店,山形県鶴岡市大宝寺町３－１５,38.7379544,139.8406624
266,セブンイレブン 西宮甲子園７番町店,兵庫県西宮市甲子園七番町１３－１２,34.7210842,135.3645102
267,セブンイレブン大分大道町店,大分県大分市大道町３丁目２３００－１,33.2330859,131.6020813
268,セブンイレブン太田市東今泉町店,群馬県太田市東今泉町１５,36.3238134,139.3912526
269,セブンイレブン 京都白川北大路店,京都府京都市左京区一乗寺木ノ本町４４,35.0415474,135.7914355
270,セブンイレブン鹿児島西田２丁目店,鹿児島県鹿児島市西田２丁目１２－２０,31.5875458,130.5415753
271,セブンイレブン 練馬東大泉６丁目店,東京都練馬区東大泉６丁目３４－３０,35.748631,139.5846104
272,セブンイレブン立川駅南口店,東京都立川市柴崎町３丁目６－８,35.696594,139.413982
273,セブンイレブン 岡山桃太郎大通り店,岡山県岡山市北区野田屋町１丁目１－１５,34.6659222,133.9232928
274,セブンイレブン銀座７丁目店,東京都中央区銀座７丁目２－２２,35.6711945,139.7603537
275,セブンイレブン 立川曙町店,東京都立川市曙町２丁目３４－７,35.7021269,139.4147651
276,セブンイレブン 草津野村１丁目店,滋賀県草津市野村１丁目２－５,35.0258563,135.9559697
277,セブンイレブン福岡千早東駅前店,福岡県福岡市東区水谷２丁目５１－１０,33.6478824,130.4406023
278,セブンイレブン博多駅前通店,福岡県福岡市博多区博多駅前３丁目２６－１,33.5894661,130.4165143
279,セブンイレブン 東大阪小阪３丁目店,大阪府東大阪市小阪３丁目１－２８,34.6637485,135.5914524
280,セブンイレブン 柏原上市４丁目店,大阪府柏原市上市４丁目３－１２,34.58628789999999,135.6262839
281,セブンイレブン 小平一橋学園東店,東京都小平市学園東町２丁目５－１,35.7232726,139.482892
282,セブンイレブン 小倉北区 小倉米町店,福岡県北九州市小倉北区米町１丁目３－１－１Ｆ,33.8839677,130.8831601
283,セブンイレブン浦和常盤１０丁目店,埼玉県さいたま市浦和区常盤１０丁目１２－１７,35.8725779,139.6417933
284,セブンイレブン 大阪内本町２丁目店,大阪府大阪市中央区内本町２丁目３－１７,34.6832335,135.5129116
285,セブンイレブン広野町店,福島県双葉郡広野町大字下北迫字腰巻１４－１,37.2199801,141.0024097
286,セブンイレブン 横浜西神奈川１丁目店,神奈川県横浜市神奈川区西神奈川１丁目１０－１４,35.4795369,139.6320472
287,セブンイレブン浜松板屋町店,静岡県浜松市中区板屋町２,34.7068378,137.7336783
288,セブンイレブン浜松駅西店,静岡県浜松市中区海老塚町５０－１,34.7023188,137.7323981
289,セブンイレブン 川西久代１丁目店,兵庫県川西市久代１丁目２２－１,34.8054037,135.4119486
290,セブンイレブン広島宮島口店,広島県廿日市市宮島口１丁目１２－３,34.3116976,132.3040752
291,セブンイレブン 大阪東心斎橋１丁目店,大阪府大阪市中央区東心斎橋１丁目１２－１７,34.674637,135.5034905
292,セブンイレブン 大阪谷町３丁目店,大阪府大阪市中央区谷町３丁目１－１７,34.6836668,135.517714
293,セブンイレブン銀座３丁目店,東京都中央区銀座３丁目１５－１０,35.670481,139.7702532
294,セブンイレブン 博多区 博多駅東,福岡県福岡市博多区博多駅東１丁目１－３３－１Ｆ,33.5923993,130.4216055
295,セブンイレブン 八尾山本町１丁目店,大阪府八尾市山本町１丁目２－７,34.62865,135.619634
296,セブンイレブン 飯田高羽町店,長野県飯田市高羽町２丁目５－１０,35.5216908,137.8224738
297,セブンイレブン吉祥寺本町１丁目店,東京都武蔵野市吉祥寺本町１丁目３２－９,35.70358909999999,139.5834703
298,セブンイレブン 大阪西天満１丁目店,大阪府大阪市北区西天満１丁目２－５,34.6937712,135.5082756
299,セブンイレブン 大分金池町２丁目店,大分県大分市金池町２丁目１－２８,33.2347609,131.607975
300,セブンイレブン 大垣中川町４丁目店,岐阜県大垣市中川町４丁目４０－１,35.3829121,136.617727
301,セブンイレブン 宇都宮池上店,栃木県宇都宮市泉町１－２０,36.5620948,139.8808209
302,セブンイレブン清水 江尻東一丁目店,静岡県静岡市清水区江尻東１丁目３－２,35.0233925,138.4855165
303,セブンイレブン千葉海浜幕張駅前店,千葉県千葉市美浜区ひび野１丁目９,35.6489896,140.0431722
304,セブンイレブン 美濃加茂山手町店,岐阜県美濃加茂市山手町１丁目１１１,35.4523495,137.0125006
305,セブンイレブン 御殿場駅前店,静岡県御殿場市新橋１８５９－１,35.301399,138.9329648
306,セブンイレブン 大阪南港中８丁目店,大阪府大阪市住之江区南港中８丁目１－６,34.63498939999999,135.4159357
307,セブンイレブン 郡山駅前店,福島県郡山市駅前２丁目１１－１,37.4002465,140.3881784
308,セブンイレブン町田駅西店,東京都町田市森野１丁目１－２１,35.543187,139.4431489
309,セブンイレブン 砺波表町店,富山県砺波市表町２－１８,36.637888,136.953998
310,セブンイレブン 神戸布引町２丁目店,兵庫県神戸市中央区布引町２丁目３－５,34.70144,135.1948776
311,セブンイレブン川崎駅前本町店,神奈川県川崎市川崎区駅前本町８－１７ダイス,35.5313838,139.7002316
312,セブンイレブン広島八丁堀店,広島県広島市中区八丁堀７－２,34.39472440000001,132.4625084
313,セブンイレブン広島松原町店,広島県広島市南区松原町１０－２５,34.3975658,132.4722102
314,セブンイレブン明石大明石町店,兵庫県明石市大明石町１丁目３－１６,34.649142,134.9900627
315,セブンイレブン 中津駅北店,大分県中津市大字島田７７４－１,33.6012708,131.1877607
316,セブンイレブン 丸の内郵船ビル店,東京都千代田区丸の内２丁目３－２,35.6815823,139.7626727
317,セブンイレブン 佐倉大崎台店,千葉県佐倉市大崎台１丁目２－７,35.70867399999999,140.2251809
318,セブンイレブン 茅ケ崎円蔵店,神奈川県茅ヶ崎市円蔵２０９４－１,35.34592970000001,139.3979136
319,セブンイレブン 松本駅前店,長野県松本市中央１丁目４－８,36.2319887,137.9670016
320,セブンイレブン滝川栄町１丁目店,北海道滝川市栄町１丁目５－４,43.5552659,141.9067553
321,セブンイレブン高崎駅東口店,群馬県高崎市栄町１６－１１,36.3211146,139.0139539
322,セブンイレブン日比谷駅前店,東京都千代田区有楽町１丁目６－３,35.6739387,139.7605592
323,セブンイレブン コスモスクエア駅前店,大阪府大阪市住之江区南港北１丁目３１－１７,34.6425245,135.4137135
324,セブンイレブン岐阜薮田東２丁目店,岐阜県岐阜市薮田東２丁目１－４,35.3972632,136.7225803
325,セブンイレブン 福知山駅前町店,京都府福知山市末広町２丁目１,35.2993133,135.116411
326,セブンイレブン 茅ケ崎十間坂店,神奈川県茅ヶ崎市十間坂２丁目２－２５,35.3291493,139.3958432
327,セブンイレブン 西宮上大市５丁目店,兵庫県西宮市上大市５丁目２４－６７,34.7662315,135.369046
328,セブンイレブン 金沢片町１丁目店,石川県金沢市片町１丁目４－１６,36.5608365,136.6533275
329,セブンイレブン三次郵便局前店,広島県三次市十日市南１丁目１２２１－１,34.8005217,132.8549238
330,セブンイレブン 勝田東石川店,茨城県ひたちなか市外野１丁目３４－２８,36.4052101,140.5389737
331,セブンイレブン 狭山店,埼玉県狭山市富士見１丁目２８－２１,35.8510619,139.4179539
332,セブンイレブン新横浜スクエアビルサテライト店,神奈川県横浜市港北区新横浜２丁目３－１２新横浜スクエアビル,35.5079304,139.6152874
333,セブンイレブン 明日香御園店,奈良県高市郡明日香村大字御園６９－１,34.4624897,135.79821
334,セブンイレブン 西宮六湛寺町店,兵庫県西宮市六湛寺町２－１,34.7376937,135.3439114
335,セブンイレブン長崎宝栄町店,長崎県長崎市宝栄町１３－１５,32.7686707,129.8587557
336,セブンイレブン佐賀駅前中央２丁目店,佐賀県佐賀市駅前中央２丁目２６３１,33.2627043,130.2984828
337,セブンイレブン 大谷大学店,京都府京都市北区小山上総町２０,35.0457941,135.75891
338,セブンイレブン 大阪久太郎町１丁目店,大阪府大阪市中央区久太郎町１丁目６－２９,34.681353,135.5081705
339,セブンイレブン 大阪鶴見６丁目店,大阪府大阪市鶴見区鶴見６丁目９－２８,34.7077149,135.565797
340,セブンイレブン 金沢中央郵便局前店,石川県金沢市三社町３－２１,36.5719211,136.6457665
341,セブンイレブン 烏丸御池店,京都府京都市中京区烏丸通御池下る虎屋町５６６－１,35.010367,135.75928
342,セブンイレブン ちの運動公園店,長野県茅野市仲町４０５４－１,35.9931181,138.1589598
343,セブンイレブン 七尾和倉温泉店,石川県七尾市石崎町香島１丁目２３－１,37.0839484,136.9269722
344,セブンイレブン 原町牛来店,福島県南相馬市原町区牛来字西谷地１－１,37.6230959,140.976415
345,セブンイレブン 台東東上野４丁目店,東京都台東区東上野４丁目８－１,35.7132903,139.7794456
346,セブンイレブン 名古屋名駅４丁目店,愛知県名古屋市中村区名駅４丁目２４－８,35.1683726,136.8879721
347,セブンイレブン足立千住２丁目店,東京都足立区千住２丁目６２山下ビル,35.749247,139.804237
348,セブンイレブン静岡 葵タワー店,静岡県静岡市葵区紺屋町１７－１,34.9726707,138.3864565
349,セブンイレブン大分下郡東店,大分県大分市下郡東１丁目１５８－１,33.2277931,131.6363477
350,セブンイレブン日本橋２丁目店,東京都中央区日本橋２丁目３－２１,35.6817075,139.7718694
351,セブンイレブン松戸駅前店,千葉県松戸市本町１８－８吉場ビル,35.7847169,139.8995564
352,セブンイレブン 吹田千里山西５丁目店,大阪府吹田市千里山西５丁目３－４,34.7789666,135.5044053
353,セブンイレブン 所沢緑町４丁目店,埼玉県所沢市緑町４丁目５－１８,35.8068312,139.4525391
354,セブンイレブン 富山城址公園前店,富山県富山市総曲輪２丁目１－１,36.6915386,137.2129355
355,セブンイレブン 伊那狐島店,長野県伊那市狐島４２５４－２,35.8345676,137.9648411
356,セブンイレブン 秦野尾尻店,神奈川県秦野市尾尻９４０－５－１０５,35.3682007,139.2258178
357,セブンイレブン丸の内センタービル店,東京都千代田区丸の内１丁目６－１,35.6840376,139.7659197
358,セブンイレブン小金井本町５丁目店,東京都小金井市本町５丁目２１－１５,35.7027813,139.5052801
359,セブンイレブン大東新町店,大阪府大東市新町８２１－１４,34.7053771,135.6234567
360,セブンイレブン 大宮駅東店,埼玉県さいたま市大宮区仲町２丁目２２,35.905565,139.6277317
361,セブンイレブン 大阪狭山草沢店,大阪府大阪狭山市茱萸木７丁目２１０５－１,34.4798261,135.5571454
362,セブンイレブン 大阪谷町６丁目店,大阪府大阪市中央区谷町６丁目４－１,34.6742455,135.5165338
363,セブンイレブン 大阪ＯＣＡＴ前店,大阪府大阪市浪速区桜川１丁目１－３,34.6675101,135.4937972
364,セブンイレブン柏原大県４丁目店,大阪府柏原市大県４丁目１７,34.5877155,135.6316389
365,セブンイレブン横浜鶴見中央３丁目店,神奈川県横浜市鶴見区鶴見中央３丁目１０－３７ＣＯＭＯＤＯ鶴見中央,35.5109366,139.6857282
366,セブンイレブン浜田黒川町店,島根県浜田市黒川町１２０－３,34.9002444,132.09101
367,セブンイレブン福岡大名１丁目店,福岡県福岡市中央区大名１丁目２－２０－１Ｆ,33.5856884,130.3934411
368,セブンイレブン福岡西新中央店,福岡県福岡市早良区西新５丁目２－８,33.5817188,130.3581911
369,セブンイレブン 鎌倉観音前店,神奈川県鎌倉市長谷２丁目１０－４１,35.3129592,139.5374457
370,セブンイレブン 阪神御影駅東店,兵庫県神戸市東灘区御影本町２丁目８０３,34.7120452,135.2546007
371,セブンイレブン富山牛島新町店,富山県富山市牛島新町１－１３,36.7042701,137.2156483
372,セブンイレブン つくば北大通り店,茨城県つくば市春日２丁目２５－４,36.0860607,140.100035
373,セブンイレブン武蔵野境５丁目店,東京都武蔵野市境５丁目１－１７,35.702175,139.5381426
374,セブンイレブン千葉蘇我駅前店,千葉県千葉市中央区南町２丁目１６－１,35.5807177,140.132022
375,セブンイレブン 横浜青葉台駅前店,神奈川県横浜市青葉区青葉台２丁目１０－２０,35.5448409,139.5164512
376,セブンイレブン 橿原新賀町店,奈良県橿原市新賀町１９０－３,34.519019,135.7966533
377,セブンイレブン 水沢太日通り店,岩手県奥州市水沢区太日通り３丁目２－２７,39.1356081,141.1529238
378,セブンイレブン 熊本神水１丁目店,熊本県熊本市神水１丁目３８－３,32.7876119,130.7458514
379,セブンイレブン大田区西蒲田８丁目店,東京都大田区西蒲田８丁目１－７,35.5612929,139.7148263
380,セブンイレブン奈良あやめ池南６丁目店,奈良県奈良市あやめ池南６丁目８１５－１,34.694053,135.7627988
381,セブンイレブン 大阪瓦屋町３丁目店,大阪府大阪市中央区瓦屋町３丁目８－６,34.669283,135.5113551
382,セブンイレブン 福井文京３丁目店,福井県福井市文京３丁目９３７,36.0752432,136.1958936
383,セブンイレブン 茨城石下店,茨城県常総市新石下４０２５－２,36.1097555,139.9776929
384,セブンイレブン 藤沢４丁目店,神奈川県藤沢市藤沢４丁目５－３,35.3468718,139.474504
385,セブンイレブン 東小川店,埼玉県比企郡小川町東小川４丁目６－１０,36.05960890000001,139.2930867
386,セブンイレブン秋田土崎港東１丁目店,秋田県秋田市土崎港東１丁目４８,39.7492817,140.0797759
387,セブンイレブン海老名中央１丁目店,神奈川県海老名市中央１丁目１２－１８,35.4516507,139.3944805
388,セブンイレブン 吉野川鴨島町喜来店,徳島県吉野川市鴨島町喜来３６５－１３,34.072768,134.3606837
389,セブンイレブン 狭山笹井一丁目店,埼玉県狭山市笹井１丁目１３０７－４,35.8531493,139.3772219
390,セブンイレブン 堺大町西３丁店,大阪府堺市堺区大町西３丁１－２２,34.5781322,135.470391
391,セブンイレブン 大阪南港南２丁目店,大阪府大阪市住之江区南港南２丁目３－４４,34.6182504,135.4342179
392,セブンイレブン 宝塚鹿塩１丁目店,兵庫県宝塚市鹿塩１丁目３４８－１,34.7816155,135.3576093
393,セブンイレブン 宮崎駅東２丁目店,宮崎県宮崎市宮崎駅東２丁目２－２,31.9160201,131.4336314
394,セブンイレブン 島田駅南店,静岡県島田市横井３丁目３－１３,34.8292811,138.1736413
395,セブンイレブン 今市中央店,栃木県日光市今市７８９,36.7233824,139.6896475
396,セブンイレブン長崎築町店,長崎県長崎市築町５－７－１Ｆ,32.7450027,129.8759033
397,セブンイレブン練馬石神井町７丁目店,東京都練馬区石神井町７丁目１０－１,35.7426321,139.5980733
398,セブンイレブン 四日市諏訪町店,三重県四日市市諏訪町４－８,34.9670286,136.6207654
399,セブンイレブン 福井駅西口店,福井県福井市大手２丁目１９０２,36.0661807,136.2254766
400,セブンイレブン 加古川駅前店,兵庫県加古川市加古川町溝之口５１０－５１,34.7654439,134.8405996
401,セブンイレブン 千葉中央３丁目店,千葉県千葉市中央区中央３丁目３－８,35.6085901,140.1215784
402,セブンイレブン 府中宮西町２丁目店,東京都府中市宮西町２丁目３－３,35.6706177,139.4783419
403,セブンイレブン 神戸須磨妙法寺東店,兵庫県神戸市須磨区妙法寺字中田１２０－５,34.6762112,135.1148068
404,セブンイレブン銚子犬吠崎店,千葉県銚子市高神東町９６５３－１,35.7065245,140.859696
405,セブンイレブン品川・大崎３丁目店,東京都品川区大崎３丁目１－３,35.6213161,139.7248528
406,セブンイレブン小淵沢インター店,山梨県北杜市小淵沢町２７４３－１,35.8737039,138.3119957
407,セブンイレブン 河津駅前店,静岡県賀茂郡河津町浜１４２－２,34.7468696,138.9960425
408,セブンイレブン 港区三田３丁目店,東京都港区三田３丁目７－１５,35.6431001,139.7419477
409,セブンイレブン 北区田端駅東店,東京都北区東田端１丁目１３－２,35.7393312,139.7624263
410,セブンイレブン 掛川上張店,静岡県掛川市南１丁目１７－７,34.768139,138.0191384
411,セブンイレブン 東区 福岡香椎駅前店,福岡県福岡市東区香椎駅前１丁目１０－２０－１Ｆ,33.6585951,130.4432543
412,セブンイレブン前橋城東町店,群馬県前橋市城東町３丁目１７－１,36.39288140000001,139.0775489
413,セブンイレブン柏原安堂町店,大阪府柏原市安堂町５－７,34.579906,135.6300377
414,セブンイレブン文京向丘１丁目店,東京都文京区向丘１丁目１－１５,35.7164808,139.758208
415,セブンイレブン 岐阜六条北４丁目店,岐阜県岐阜市六条北４丁目１４－９,35.3990775,136.7377817
416,セブンイレブン横浜地下鉄新横浜駅店,神奈川県横浜市港北区新横浜２丁目１００,35.5082196,139.6178345
417,セブンイレブン神戸新開地１丁目店,兵庫県神戸市兵庫区新開地１丁目４－３,34.6791589,135.1681936
418,セブンイレブン 金沢北安江４丁目店,石川県金沢市北安江４丁目１１－２７,36.5881009,136.6469394
419,セブンイレブン 堺金岡町店,大阪府堺市北区金岡町３００７－１,34.5610168,135.5119368
420,セブンイレブン 塩山本町店,山梨県甲州市塩山上於曽１２１３,35.7075405,138.7297572
421,セブンイレブン 多摩動物公園店,東京都日野市程久保８丁目３－６,35.6511207,139.4073734
422,セブンイレブン 大阪堀越町店,大阪府大阪市天王寺区堀越町１２－１０,34.6492567,135.5136876
423,セブンイレブン 原町田４丁目店,東京都町田市原町田４丁目１１－１５,35.5425371,139.4485873
424,セブンイレブン 柏原国分本町店,大阪府柏原市国分本町２丁目６－７,34.56509,135.6371308
425,セブンイレブン 東陽町駅前店,東京都江東区東陽３丁目２７－１８,35.6705732,139.8161127
426,セブンイレブン 阪神西宮駅南店,兵庫県西宮市田中町５－３,34.7364659,135.3369675
427,セブンイレブン広島大手町４丁目店,広島県広島市中区大手町４丁目６－１２,34.3852002,132.4532205
428,セブンイレブン大分旦野原店,大分県大分市旦野原１０１１－１,33.1755509,131.621439
429,セブンイレブン群馬みなかみ町店,群馬県利根郡みなかみ町川上１０２－１,36.760038,138.9682895
430,セブンイレブン長岡京駅東口店,京都府長岡京市東神足２丁目５０１－１,34.9228022,135.7021762
431,セブンイレブン千代田一番町店,東京都千代田区一番町４－４,35.6874448,139.7421406
432,セブンイレブン 天下茶屋駅前店,大阪府大阪市西成区天下茶屋３丁目１８－２１,34.6364666,135.4977311
433,セブンイレブン 宝塚小浜２丁目店,兵庫県宝塚市小浜２丁目５－１０,34.799712,135.3671612
434,セブンイレブン 宝塚山本西店,兵庫県宝塚市山本西２丁目７－１１,34.8187351,135.3810704
435,セブンイレブン 三鷹下連雀６丁目店,東京都三鷹市下連雀６丁目５－１,35.6913542,139.5682839
436,セブンイレブン 伊豆箱根鉄道修善寺駅店,静岡県伊豆市柏久保６３１－７,34.9791884,138.9502841
437,セブンイレブン品川駅港南口店,東京都港区港南２丁目５－３,35.6287213,139.7430288
438,セブンイレブン 高石東羽衣３丁目店,大阪府高石市東羽衣３丁目１５－１１,34.5319854,135.4414355
439,セブンイレブン ＪＲ京橋駅西口店,大阪府大阪市都島区片町２丁目２－６３,34.6948437,135.531121
440,セブンイレブン 木更津駅東口店,千葉県木更津市大和２丁目２－１,35.3806405,139.9297234
441,セブンイレブン杉並荻窪五丁目店,東京都杉並区荻窪５丁目３０－１７,35.7040541,139.6221807
442,セブンイレブン研究学園駅西店,茨城県つくば市苅間研究学園Ｄ１６街区１,36.0841014,140.0848386
443,セブンイレブン 富山黒瀬店,富山県富山市黒瀬２８５,36.6583762,137.2027268
444,セブンイレブン 小川増尾店,埼玉県比企郡小川町大字増尾４４１－１,36.0528446,139.2508518
445,セブンイレブン 小松日の出町２丁目店,石川県小松市日の出町２丁目１００,36.3997344,136.4559622
446,セブンイレブン 和歌山美園町４丁目店,和歌山県和歌山市美園町４丁目９,34.2294147,135.1882818
447,セブンイレブン 堺敷物団地店,大阪府堺市南区原山台５丁１３－３,34.4813863,135.5015254
448,セブンイレブン 宝塚中野町店,兵庫県宝塚市中野町１４－１５,34.7860799,135.3546349
449,セブンイレブン 武蔵小金井本町二丁目店,東京都小金井市本町２丁目６－１２,35.7036452,139.5078049
450,セブンイレブンつくば小野崎店,茨城県つくば市小野崎１６１－３,36.0757397,140.1061625
451,セブンイレブン上尾上店,埼玉県上尾市大字上２３３－１,35.99642000000001,139.5732953
452,セブンイレブン三鷹駅北口店,東京都武蔵野市中町１丁目２０－８,35.7040857,139.5626471
453,セブンイレブン盛岡大通３丁目店,岩手県盛岡市大通３丁目２－８,39.7037024,141.1437403
454,セブンイレブン 神戸三宮磯上通店,兵庫県神戸市中央区磯上通５丁目１－２４,34.6929661,135.1991247
455,セブンイレブン 草津野路店,滋賀県草津市野路町１４３８－１,35.0002662,135.9476901
456,セブンイレブン 枚方市役所前店,大阪府枚方市大垣内町２丁目８－１５,34.8139291,135.6517916
457,セブンイレブン 梅田曽根崎新地２丁目店,大阪府大阪市北区曾根崎新地２丁目３－２１,34.6979621,135.4944295
458,セブンイレブンひたちなか東石川３丁目店,茨城県ひたちなか市東石川３丁目１８－８,36.3923097,140.5334764
459,セブンイレブン前橋本町一丁目店,群馬県前橋市本町１丁目７－５,36.3898279,139.0674467
460,セブンイレブン千葉駅北口店,千葉県千葉市中央区弁天１丁目１－５,35.6137858,140.1137063
461,セブンイレブン アリオ倉敷店,岡山県倉敷市寿町１２－２,34.6033423,133.764184
462,セブンイレブン渋谷１丁目店,東京都渋谷区渋谷１丁目１１－６,35.6608719,139.704495
463,セブンイレブン 豊橋駅東店,愛知県豊橋市広小路１丁目５,34.7645193,137.3834365
464,セブンイレブン 浦安美浜店,千葉県浦安市美浜１丁目７－１,35.6526005,139.9110499
465,セブンイレブン 相模原５丁目店,神奈川県相模原市中央区相模原５丁目７－１,35.5775776,139.3750234
466,セブンイレブン 川西東畦野３丁目店,兵庫県川西市東畦野３丁目２１－８,34.88575429999999,135.4131246
467,セブンイレブン 大垣三津屋町４丁目店,岐阜県大垣市三津屋町４丁目１－１２,35.3927739,136.6152824
468,セブンイレブン長崎万屋町店,長崎県長崎市万屋町６－５,32.7454445,129.8795281
469,セブンイレブン諫早永昌町店,長崎県諫早市永昌町５７７－１,32.8493454,130.0369293
470,セブンイレブン 福井和田東店,福井県福井市和田東２丁目９０２,36.0512501,136.2458623
471,セブンイレブン 藤枝駅前店,静岡県藤枝市駅前２丁目８－１,34.8513381,138.2518121
472,セブンイレブン 新木場１丁目店,東京都江東区新木場１丁目４－７,35.6440432,139.8247626
473,セブンイレブン 横浜市ヶ尾東店,神奈川県横浜市青葉区市ケ尾町５２９－１,35.5445557,139.545038
474,セブンイレブン日本橋１丁目昭和通り店,東京都中央区日本橋１丁目１６－１１,35.682377,139.7765997
475,セブンイレブン 呉駅前店,広島県呉市中央１丁目５－３４,34.2451378,132.5605579
476,セブンイレブン 大分中春日町店,大分県大分市中春日町１７９,33.2389102,131.5957598
477,セブンイレブン 沼津駅前店,静岡県沼津市大手町２丁目１－１,35.1020448,138.8614313
478,セブンイレブン 石岡泉町店,茨城県石岡市石岡２１４８－１,36.1957643,140.281037
479,セブンイレブン赤羽駅西口店,東京都北区赤羽西１丁目７－１,35.777223,139.7192448
480,セブンイレブン 神戸港島中町６丁目店,兵庫県神戸市中央区港島中町６丁目２－２,34.6676522,135.2153434
481,セブンイレブン 神戸琴ノ緒町５丁目店,兵庫県神戸市中央区琴ノ緒町５丁目５－１３ 協和ビル,34.6964595,135.1944608
482,セブンイレブン 秋田手形西谷地店,秋田県秋田市手形字西谷地３１,39.72313219999999,140.1366002
483,セブンイレブン 茨木舟木町店,大阪府茨木市舟木町２－２２,34.8143694,135.575043
484,セブンイレブン 吹田元町店,大阪府吹田市元町３３－７,34.7591556,135.5245371
485,セブンイレブン 吹田泉町２丁目店,大阪府吹田市泉町２丁目４７－７,34.7575275,135.5133919
486,セブンイレブン 大崎百反通り店,東京都品川区大崎２丁目９－１,35.616514,139.7277722
487,セブンイレブン 大津坂本店,滋賀県大津市比叡辻１丁目１３－６,35.0705671,135.8854169
488,セブンイレブン 大阪南船場１丁目店,大阪府大阪市中央区南船場１丁目１７－２０,34.6765369,135.5066235
489,セブンイレブン 奈良東九条町店,奈良県奈良市東九条町１６５－１,34.655571,135.817169
490,セブンイレブン 越前塚町店,福井県越前市塚町９－１１－２,35.917145,136.197471
491,セブンイレブン 金沢神谷内町店,石川県金沢市神谷内町ニ６１,36.5983537,136.6808276
492,セブンイレブン 勝浦上町店,千葉県勝浦市出水１２５２,35.1499275,140.3152054
493,セブンイレブン 印内町店,千葉県船橋市印内町６３８－１,35.7054941,139.9589358
494,セブンイレブン 名古屋藤見が丘店,愛知県名古屋市名東区藤見が丘４５,35.1815222,137.0211261
495,セブンイレブン七飯大沼店,北海道亀田郡七飯町字大沼町７７９－６,41.9718369,140.6697389
496,セブンイレブン 目黒柿の木坂１丁目店,東京都目黒区柿の木坂１丁目３１－１４,35.6192815,139.6749323
497,セブンイレブン奥多摩古里店,東京都西多摩郡奥多摩町小丹波３３,35.8155137,139.1519413
498,セブンイレブン 上野駅前通り店,東京都台東区上野６丁目１４－４,35.711182,139.7752515
499,セブンイレブン 下田東本郷店,静岡県下田市東本郷１丁目８－１,34.6800028,138.946077
500,セブンイレブン 大阪福島７丁目店,大阪府大阪市福島区福島７丁目４－２１,34.6974065,135.4845792
501,セブンイレブン 西宮上田中町店,兵庫県西宮市上田中町１７－２３,34.7072686,135.3724491
502,セブンイレブン 糸魚川中央店,新潟県糸魚川市中央２丁目２－１５,37.0401531,137.8606607
503,セブンイレブン 豊中曽根東町店,大阪府豊中市曽根東町１丁目１０－３,34.7717781,135.4692306
504,セブンイレブン大分下郡南店,大分県大分市下郡南１丁目１７３,33.2218992,131.630126
505,セブンイレブン西新宿コクーンタワー店,東京都新宿区西新宿１丁目７－２,35.6916152,139.6973446
506,セブンイレブン 新宿若松町店,東京都新宿区若松町３１－８,35.7000065,139.7196583
507,セブンイレブン 桑名外堀店,三重県桑名市外堀１７３,35.0609471,136.6937048
508,セブンイレブン横浜尾上町３丁目店,神奈川県横浜市中区尾上町３丁目３５,35.4458298,139.6363867
509,セブンイレブン横浜日吉中央通り店,神奈川県横浜市港北区日吉本町１丁目２０－１２日吉吉田ビル,35.5534976,139.6457472
510,セブンイレブン目黒駒場１丁目店,東京都目黒区駒場１丁目３１－６,35.6586493,139.6837386
511,セブンイレブン 横浜磯子西町店,神奈川県横浜市磯子区西町３－１７,35.4166394,139.6326957
512,セブンイレブンセントラム六本木店,東京都港区六本木７丁目１４－２３,35.6637418,139.730787
513,セブンイレブンパレスサイドビル店,東京都千代田区一ツ橋１丁目１－１,35.6911754,139.7571783
514,セブンイレブン 吹田竹見台店,大阪府吹田市竹見台３丁目６－１,34.7938342,135.5010417
515,セブンイレブン 和泉のぞみ野店,大阪府和泉市のぞみ野３丁目１１７２－４,34.4538948,135.4600074
516,セブンイレブン 国分寺南町３丁目店,東京都国分寺市南町３丁目２２－１５,35.6991893,139.4784796
517,セブンイレブン 大津石山駅前店,滋賀県大津市粟津町１８９－３,34.9781841,135.8998368
518,セブンイレブン 大阪中崎１丁目店,大阪府大阪市北区中崎１丁目５－２,34.7067364,135.5058672
519,セブンイレブン 大阪巽東４丁目店,大阪府大阪市生野区巽東４丁目３２－１,34.6484882,135.5572048
520,セブンイレブン 姫路豊沢町店,兵庫県姫路市豊沢町１６０－２,34.824734,134.6905243
521,セブンイレブン 守口京阪北本通店,大阪府守口市京阪北本通３－５,34.7415947,135.5657284
522,セブンイレブン 安中磯部温泉入口店,群馬県安中市郷原１９２－１,36.3058602,138.8478724
523,セブンイレブン 下京区役所前店,京都府京都市下京区木津屋橋通油小路東入南町５７７,34.987822,135.755064
524,セブンイレブン 諏訪２丁目店,長野県諏訪市諏訪２丁目６－５,36.0403446,138.1217078
525,セブンイレブン 八幡店,千葉県市川市八幡２丁目３－２２,35.7229252,139.9292739
526,セブンイレブン 名古屋千代田３丁目店,愛知県名古屋市中区千代田３丁目８－７,35.1560529,136.9140201
527,セブンイレブン 名古屋名駅２丁目店,愛知県名古屋市中村区名駅２丁目４１－５,35.174555,136.8849001
528,セブンイレブン 東大阪小阪本町２丁目店,大阪府東大阪市小阪本町２丁目１２－２１,34.6569971,135.581139
529,セブンイレブン 大阪巽中２丁目店,大阪府大阪市生野区巽中２丁目３－１４,34.6481993,135.5490456
530,セブンイレブン北見大通東３丁目店,北海道北見市大通東３丁目,43.8078423,143.8986588
531,セブンイレブン 鋸南保田店,千葉県安房郡鋸南町元名９０１,35.1464236,139.8331753
532,セブンイレブン平塚駅北口店,神奈川県平塚市宝町２－６高久ビル,35.3290358,139.3514148
533,セブンイレブン 市川大野３丁目店,千葉県市川市大野町３丁目１７９３－１,35.7556817,139.954729
534,セブンイレブン 富士市青葉町店,静岡県富士市青葉町５７７,35.161304,138.6597576
535,セブンイレブン 波田赤松店,長野県松本市波田上赤松２９９４－１,36.1910289,137.8245502
536,セブンイレブン埼玉高速東川口駅店,埼玉県川口市東川口１丁目１－１,35.8759759,139.7441062
537,セブンイレブン大阪狭山東野中店,大阪府大阪狭山市東野中２丁目９７９－２,34.5183302,135.5562728
538,セブンイレブン 神戸北長狭通３丁目店,兵庫県神戸市中央区北長狭通３丁目２－３,34.6911022,135.1890729
539,セブンイレブン 茅ケ崎中海岸店,神奈川県茅ヶ崎市中海岸２丁目８－２７,35.3229606,139.4009616
540,セブンイレブン 蕨中央１丁目店,埼玉県蕨市中央１丁目８－１０,35.8263286,139.6899987
541,セブンイレブン秋田新国道寺内店,秋田県秋田市寺内字三千刈１１６－１,39.7431913,140.0966884
542,セブンイレブン岩国駅前中央通り店,山口県岩国市麻里布町３丁目１－２３,34.1720027,132.2228059
543,セブンイレブン 新宿市谷田町２丁目店,東京都新宿区市谷田町２丁目３,35.6941911,139.7371157
544,セブンイレブン 鈴鹿道伯町店,三重県鈴鹿市道伯町２１５０－１６,34.8568649,136.5449094
545,セブンイレブン北上駅東口店,岩手県北上市川岸１丁目７－５,39.2827708,141.1247455
546,セブンイレブン千代田平河町２丁目店,東京都千代田区平河町２丁目７－２,35.6790874,139.7404495
547,セブンイレブン 福島栄町店,福島県福島市栄町１０－２,37.7535815,140.4631183
548,セブンイレブン 秋田八橋新川向店,秋田県秋田市八橋新川向８－３０,39.7285095,140.1044067
549,セブンイレブン 羽曳野伊賀４丁目店,大阪府羽曳野市伊賀４丁目１３－１,34.5584116,135.5814894
550,セブンイレブン藤沢湘南台７丁目店,神奈川県藤沢市湘南台７丁目１７－１１,35.39509049999999,139.4715206
551,セブンイレブン 下越吉田大保町店,新潟県燕市吉田大保町５－２３,37.6895468,138.8797919
552,セブンイレブン 京都竹田中内畑町店,京都府京都市伏見区竹田中内畑町１４５,34.9526194,135.7556523
553,セブンイレブン 長浜駅前店,滋賀県長浜市元浜町１－３,35.3791783,136.2669701
554,セブンイレブン 高松多肥下町店,香川県高松市多肥下町３８４－１,34.29787290000001,134.0558953
555,セブンイレブン東村山栄町１丁目店,東京都東村山市栄町１丁目２４－１４,35.7508611,139.4733972
556,セブンイレブン 橋本東家店,和歌山県橋本市東家４丁目２－１,34.3147956,135.6082208
557,セブンイレブン吹田山田東１丁目店,大阪府吹田市山田東１丁目３８－１,34.7985016,135.5345386
558,セブンイレブン 金沢横川６丁目店,石川県金沢市横川６丁目１８３－２,36.5431185,136.6292606
559,セブンイレブン水天宮前店,東京都中央区日本橋蛎殻町１丁目３８－９,35.6832133,139.7847686
560,セブンイレブン相生山手店,兵庫県相生市山手１丁目１５０,34.818577,134.4775429
561,セブンイレブン 国立中店,東京都国立市中１丁目１４－９,35.6969416,139.4428073
562,セブンイレブン 宇部若松町店,山口県宇部市若松町６－２４,33.9600855,131.2419025
563,セブンイレブン 中央区札幌南９条西４丁目店,北海道札幌市中央区南９条西４丁目,43.0485669,141.3533854
564,セブンイレブン 甲府朝気３丁目店,山梨県甲府市朝気３丁目２０－１３,35.6477931,138.5784875
565,セブンイレブン 山梨清里店,山梨県北杜市高根町清里３５４５－６３３８,35.9141019,138.441647
566,セブンイレブン 彦根小泉町店,滋賀県彦根市小泉町１２８－１,35.2475528,136.2502304
567,セブンイレブン 八王子北口店,東京都八王子市東町１３－６,35.6588242,139.3379705
568,セブンイレブン川崎万福寺１丁目店,神奈川県川崎市麻生区万福寺１丁目８－５リヴェール新百合丘,35.6036386,139.503385
569,セブンイレブン川崎登戸駅前店,神奈川県川崎市多摩区登戸３３７５－１,35.6196198,139.5689153
570,セブンイレブン 茨木東奈良３丁目店,大阪府茨木市東奈良３丁目１４－１０,34.8023646,135.5664275
571,セブンイレブン 西宮北夙川通り店,兵庫県西宮市老松町１－９,34.7490171,135.31833
572,セブンイレブン 向日寺戸店,京都府向日市寺戸町修理式１３－２,34.957907,135.7067791
573,セブンイレブン 和歌山南大工町店,和歌山県和歌山市南大工町１７,34.233986,135.1737829
574,セブンイレブン 大垣南頬町一丁目店,岐阜県大垣市南頬町１丁目８４,35.3556447,136.6233467
575,セブンイレブン大分奧田店,大分県大分市大字奥田田中町１８－１－Ｂ,33.2116738,131.5947683
576,セブンイレブン浦和常盤５丁目店,埼玉県さいたま市浦和区常盤５丁目１７－１２,35.8645317,139.6465765
577,セブンイレブン 新橋ＳＬ広場前店,東京都港区新橋２丁目８－９,35.6671088,139.7569763
578,セブンイレブン 日立千石町店,茨城県日立市千石町１丁目１９－５,36.5524116,140.6273349
579,セブンイレブン柏あけぼの４丁目店,千葉県柏市あけぼの４丁目１－３,35.8656487,139.9692928
580,セブンイレブン 港区芝三丁目店,東京都港区芝３丁目１５－９,35.6531157,139.7454027
581,セブンイレブン 狭山入間川店,埼玉県狭山市入間川２丁目４－４,35.859044,139.4092214
582,セブンイレブン 相模原橋本２丁目店,神奈川県相模原市緑区橋本２丁目５－７,35.5961151,139.341872
583,セブンイレブン 京都竹鼻堂ノ前店,京都府京都市山科区竹鼻堂ノ前町２７－１,34.9869844,135.8176909
584,セブンイレブン 富士市横割店,静岡県富士市横割２丁目１－１,35.1485361,138.6558857
